id,domain,status,purchase_price,renewal_price,attractiveness,demand,length,registrar,created_at,expires_at,status_verified_at
cbd094c4-71df-4776-826c-97783c39538f,chorus.mov,premium,76.7,76.7,high,low,6,namecheap,,,27/09/2026 06:59
89fb80e6-2d73-4be1-8efe-9b697d9f7ba2,yeast.mov,premium,76.7,76.7,high,low,5,namecheap,,,22/09/2026 06:34
149e454b-417d-4ad3-8561-09afbf15f6b3,alkaloidal.mov,available,12.98,15.98,medium,low,10,namecheap,,,
f51c37e4-8d71-43c6-94fc-df4f1b42c4c9,rattle.mov,available,12.98,15.98,high,low,6,namecheap,,,19/09/2026 15:18
78a52c5e-a414-4933-8b3c-300cb4e7e5d9,cataphatic.mov,available,12.98,15.98,medium,low,10,namecheap,,,11/08/2026 21:04
28a2bd73-59a1-4ffc-838f-8f37e72ae855,merciful.mov,available,12.98,15.98,high,low,8,namecheap,,,24/08/2026 20:34
c47581a8-11dd-4954-89ba-85a2851cf3f4,balarama.mov,available,12.98,15.98,medium,low,8,namecheap,,,21/09/2026 21:06
3adeec16-c83c-4f12-81f8-cca6b9d27d88,victoria.mov,premium,161.25,,high,low,8,name.com,,,
01c33f94-31c7-4cab-824c-ee929860d068,monochrome.mov,premium,36.25,36.25,high,low,10,name.com,,,25/08/2026 04:59
1f3c91e6-1720-4eab-a1eb-2235a4ad5173,pyrenees.mov,available,15.98,,high,low,8,namecheap,,,
302d9ddc-b617-45c4-a554-e71368723f25,limbless.mov,available,12.98,15.98,medium,low,8,namecheap,,,23/08/2026 12:35
2e8ef127-113e-479f-814e-76f5ae1216d3,woes.mov,available,12.98,15.98,medium,low,4,namecheap,,,20/09/2026 07:52
83b9af4f-26dc-4b78-a27e-4c493b9d1449,firebird.mov,premium,37.7,37.7,high,low,8,namecheap,,,22/09/2026 00:21
75a761a0-3a93-403a-8a22-49610af6aa36,benignly.mov,available,12.98,15.98,medium,low,8,namecheap,,,13/09/2026 23:51
99298994-633a-4d0b-8cf3-236280f6da16,marginally.mov,available,12.98,15.98,medium,low,10,namecheap,,,15/09/2026 13:29
363b47c1-ef96-4822-9147-db07d19831eb,squiggly.mov,available,12.98,15.98,medium,low,8,namecheap,,,10/09/2026 17:43
05722614-b5ee-450d-96b5-9896402ba36c,amnesty.mov,available,12.98,15.98,high,low,7,namecheap,,,18/09/2026 22:23
3db56df0-fe08-4f71-8df9-516897138340,secret.mov,premium,623.75,623.75,high,medium,6,name.com,,,23/09/2026 14:41
618bfd61-343f-48bb-8a32-dc2624f98e20,other.mov,premium,161.25,,high,low,5,name.com,,,26/09/2026 00:34
4102dfe2-684f-40ab-a6f8-1ac157ab60c8,gaseous.mov,available,12.98,15.98,medium,low,7,namecheap,,,18/08/2026 20:25
837f117e-76f8-4545-a262-711a6b2988d1,punjab.mov,premium,76.7,76.7,high,low,6,namecheap,,,27/09/2026 05:06
87e26e2b-2411-4a93-b9c5-66afb65afa7c,nihilistic.mov,available,12.98,15.98,medium,low,10,namecheap,,,03/09/2026 17:24
1bee6e8c-39e3-42fe-875d-c2fa3e3fc18f,fortemente.mov,available,12.98,15.98,medium,low,10,namecheap,,,18/08/2026 12:36
c01573ec-7bdf-42d7-ab7c-436d20009149,shark.mov,premium,323.7,323.7,high,low,5,namecheap,,,25/09/2026 10:40
1bb4ad4f-ce2f-4d4e-a4dc-17a5336e5157,quatern.mov,available,12.98,15.98,medium,low,7,namecheap,,,
d9f551ea-e73d-4953-a329-3e672e56b3f4,unisexual.mov,available,12.98,15.98,high,low,9,namecheap,,,12/09/2026 13:54
a97acb1f-e009-41e2-9f4b-4d21c1b2fd17,weather.mov,premium,1298.7,1298.7,high,medium,7,namecheap,,,23/09/2026 02:29
282bd0f2-acc2-4966-a100-f08bf4926521,established.mov,premium,36.25,,high,low,11,name.com,,,
c36e2a57-6df6-4d6a-8cc6-a9f0f64b5933,swap.mov,premium,311.25,,high,low,4,name.com,,,
d29d80e4-dd89-477d-83d6-6e68dff90119,vented.mov,available,12.98,15.98,medium,low,6,namecheap,,,13/09/2026 02:12
8d28f786-3cd8-4273-a314-b6d3c84c04ea,idk.mov,premium,73.75,,medium,low,3,name.com,,,
975adadd-ba63-44e9-9b97-bd61b5e11a67,saame.mov,available,12.98,15.98,high,medium,5,namecheap,,,09/09/2026 21:08
3ee45180-f827-4663-b5a6-46f7af8f76ac,canasta.mov,available,12.98,15.98,medium,low,7,namecheap,,,22/09/2026 11:16
fce4d491-7cbf-46b4-8047-bcb82e7f86f8,adjacent.mov,available,12.98,15.98,high,low,8,namecheap,,,
a13168d1-c87b-4c62-8eaa-f5a2df14b6d3,stoker.mov,available,12.98,15.98,medium,low,6,namecheap,,,16/09/2026 16:53
0da47a3c-1292-4d72-bf1a-e87507e628a6,mingy.mov,available,12.98,15.98,low,low,5,namecheap,,,24/08/2026 23:43
d26731ce-bb83-4b78-87ae-e19a1563106c,humorous.mov,available,12.98,15.98,high,low,8,namecheap,,,25/09/2026 06:35
13692725-b1b9-496e-989c-cfe452d0c11f,looks.mov,premium,311.25,,high,low,5,name.com,,,
3aaa3d50-34c0-446f-9b36-3fa580370af8,dissembler.mov,available,12.98,15.98,medium,low,10,namecheap,,,08/09/2026 19:10
10a0049a-3d2c-4e05-924c-51da33ebc70e,frizzy.mov,available,12.98,15.98,medium,low,6,namecheap,,,18/08/2026 16:08
ac399c6f-0a57-4f77-ba93-52f021d2adb4,liberated.mov,available,12.98,15.98,high,low,9,namecheap,,,16/08/2026 06:20
2cb2406a-f1db-4a67-ab75-9245ef86fe50,shadowy.mov,available,12.98,15.98,medium,low,7,namecheap,,,10/09/2026 05:28
2001c45b-07c6-4f65-a1ff-7780e7ab2ea1,premedical.mov,available,12.98,15.98,high,medium,10,namecheap,,,09/09/2026 01:40
736b2828-4790-484c-8666-68795c701f6f,clinton.mov,premium,76.7,76.7,high,low,7,namecheap,,,23/09/2026 15:58
c8befbdf-acb3-4b9e-b28b-211892d9dd65,noticeably.mov,available,12.98,15.98,medium,low,10,namecheap,,,15/09/2026 16:56
d63593c9-a6b4-469f-84bc-b438d9eb13fe,wood.mov,premium,648.7,648.7,high,medium,4,namecheap,,,25/09/2026 05:31
2906e602-5a0e-4628-806e-74fb28ee10c2,request.mov,premium,311.25,,high,low,7,name.com,,,
9edb9982-8b94-4650-bae4-6f1e0eb7ee48,bier.mov,premium,37.7,37.7,medium,low,4,namecheap,,,23/09/2026 13:47
1f545945-3773-4df2-afe4-599d03ef7b41,fully.mov,premium,161.25,161.25,high,low,5,name.com,,,18/08/2026 17:52
f5b0e94c-7593-443e-a6fb-82843a557105,south.mov,premium,623.75,,high,low,5,name.com,,,
64658bd0-3de4-41c0-b817-964c2a4e65ae,caustic.mov,available,12.98,15.98,medium,low,7,namecheap,,,
f057bc18-2b13-4e69-9c04-20fe6042fe78,appears.mov,premium,37.7,37.7,medium,low,7,namecheap,,,25/09/2026 20:18
abc643a4-774a-47f1-b861-94fa0f63ffe1,colors.mov,premium,623.75,,high,low,6,name.com,,,
d5f1c4ca-e145-44e3-97a3-c3922f1c4bd0,quick.mov,premium,648.7,648.7,high,medium,5,namecheap,,,21/09/2026 23:09
94712e97-2f44-4fda-a197-9657752c244e,whispering.mov,available,12.98,15.98,high,low,10,namecheap,,,03/09/2026 11:10
f92eb08c-d1db-4f79-9f46-ed70a2dabcb7,harrington.mov,available,12.98,15.98,high,low,10,namecheap,,,25/09/2026 12:26
7fc0ac6c-39df-467d-a9ac-7605838a490f,grouse.mov,available,12.98,15.98,high,low,6,namecheap,,,23/09/2026 00:24
d9bd782b-4cef-4950-ab5a-9cf47b075fad,emergency.mov,premium,161.25,,high,low,9,name.com,,,
9bbff082-2bb8-468a-8769-1bf79027c3c0,disapproval.mov,available,15.98,,medium,low,11,namecheap,,,
de35a7bf-10c1-4e16-ab50-6d2b07746f89,semisoft.mov,available,12.98,15.98,medium,low,8,namecheap,,,10/09/2026 03:24
3741b714-19a1-415f-bd65-4fc5629026bd,ingredients.mov,premium,36.25,,medium,low,11,name.com,,,
f7344096-2823-4e7b-94d4-c6a55b27cf5e,excuse.mov,premium,37.7,37.7,high,low,6,namecheap,,,25/09/2026 22:39
0eea3083-0e68-4f34-8949-9137c4a91569,practicality.mov,available,12.98,15.98,high,low,12,namecheap,,,16/09/2026 09:33
60355fed-6bc8-43c4-a614-f6aa99781442,inhabited.mov,available,12.98,15.98,high,low,9,namecheap,,,22/08/2026 04:59
d2e2199b-0692-4472-8e50-6bf1f291bd4b,shooter.mov,premium,76.7,76.7,high,low,7,namecheap,,,24/09/2026 19:04
4e6c5b20-02f8-46bc-9ec2-7ef65d8cbcfa,elastic.mov,premium,161.25,161.25,high,low,7,name.com,,,16/08/2026 00:43
d93e6235-1b71-4c1b-ac2b-3d38c13cbe4b,compatible.mov,premium,76.7,76.7,high,low,10,namecheap,,,23/09/2026 16:57
2d9adcad-e448-42c0-91d7-a334934573dc,gloaming.mov,available,12.98,15.98,high,low,8,namecheap,,,11/09/2026 21:41
a06bf337-c8fb-4516-971a-b7d22d10c8cf,airburst.mov,available,12.98,15.98,medium,low,8,namecheap,,,17/09/2026 23:00
533963e2-bc59-4842-8d24-8fa08cc18043,floral.mov,premium,161.25,161.25,high,low,6,name.com,,,18/08/2026 08:54
ac261131-c4b4-45ec-9f50-be0f86223d8b,harshly.mov,available,12.98,15.98,medium,low,7,namecheap,,,14/09/2026 22:08
d986fb72-88ae-41c5-8b03-3ce2c5c01b28,ananias.mov,available,12.98,15.98,medium,low,7,namecheap,,,19/09/2026 02:03
9a2dce23-9081-4f17-80ad-54b8d8e4ecf3,broadband.mov,premium,76.7,76.7,high,low,9,namecheap,,,23/09/2026 09:40
c456e137-e8e7-4306-bc18-aa197ddbc959,aquatint.mov,available,12.98,15.98,medium,low,8,namecheap,,,19/09/2026 23:09
4858ad12-cb9a-4428-a824-c4c1a5f038d5,meekly.mov,available,12.98,15.98,medium,low,6,namecheap,,,15/09/2026 01:24
d921fc55-37f4-4880-9eb4-b8d7d26c74d1,angler.mov,premium,37.7,37.7,high,low,6,namecheap,,,18/09/2026 11:39
0d8a9efe-52c8-4b0f-b62d-09d9ea1ccb39,intend.mov,premium,37.7,37.7,high,low,6,namecheap,,,25/09/2026 18:20
3198b0c0-0634-49e8-a5ca-d8820e16fe44,pierogi.mov,available,12.98,15.98,high,low,7,namecheap,,,17/09/2026 14:55
5d27fd14-497f-4003-ac8a-6ac597cd32ed,sublimed.mov,available,12.98,15.98,medium,low,8,namecheap,,,11/09/2026 00:03
6d4c0d2a-eeba-4999-8365-810877fed3a9,coiled.mov,available,12.98,15.98,medium,low,6,namecheap,,,12/08/2026 16:07
3e46a517-e235-40e2-b6da-2b95eb5461d6,appellate.mov,available,12.98,15.98,high,low,9,namecheap,,,06/08/2026 06:18
3fc84e30-014c-45fe-bf5f-5a90fa8aeb49,carthage.mov,available,12.98,15.98,medium,low,8,namecheap,,,25/09/2026 04:02
cf3f9d15-b2e1-436e-960b-dd9661aef126,panther.mov,premium,161.25,,high,low,7,name.com,,,
7631700b-e0a0-47d1-88e1-e7635ceb1a3c,greens.mov,premium,161.25,,high,low,6,name.com,,,
15dd99ba-6edd-485b-b8b4-2f25265c917d,barnyard.mov,available,12.98,15.98,high,low,8,namecheap,,,22/09/2026 06:58
041a1a96-0a62-4c3c-9e84-1a203f525efb,shaven.mov,available,12.98,15.98,high,medium,6,namecheap,,,10/09/2026 06:07
317b9206-7a83-4d2a-b616-3e65dea8885e,snarl.mov,available,12.98,15.98,high,low,5,namecheap,,,24/08/2026 16:56
59c83a5a-f62a-449d-8334-2446b6e04201,meanly.mov,available,12.98,15.98,medium,low,6,namecheap,,,13/09/2026 23:32
6f20e39b-98ff-4ccb-a352-9314d5336ec8,emma.mov,premium,648.7,648.7,high,medium,4,namecheap,,,25/09/2026 12:33
c0eaa961-6464-44d7-87ed-a3aa4088eba5,narrow.mov,premium,37.7,37.7,high,low,6,namecheap,,,03/09/2026 13:22
54b8184f-42ad-4b30-a182-bf939494d9a9,emir.mov,premium,36.25,36.25,high,low,4,name.com,,,18/09/2026 17:55
096095d8-1b01-43bc-bbaf-25f5eff1249e,necromancy.mov,available,12.98,15.98,medium,low,10,namecheap,,,23/09/2026 23:53
99b66333-3e38-470e-9e05-579253e34f6f,unpressed.mov,available,12.98,15.98,low,low,9,namecheap,,,12/09/2026 17:24
4a6afc53-dd4a-4fed-9244-61576b7327e8,fluently.mov,available,12.98,15.98,high,low,8,namecheap,,,14/09/2026 19:08
da3353e1-1547-45c5-90cf-0454cdb3c1bd,lodge.mov,premium,161.25,,high,low,5,name.com,,,
66b6d35b-fc7c-4fe3-805e-78046217c04b,moslem.mov,available,12.98,15.98,high,low,6,namecheap,,,22/08/2026 10:47
22d883e7-9c4c-41dc-b73b-2f379a8f4d65,jokingly.mov,available,12.98,15.98,medium,low,8,namecheap,,,14/09/2026 17:23
1281fe13-1790-4571-a620-9b4b02d0d900,greenside.mov,available,12.98,15.98,medium,low,9,namecheap,,,20/08/2026 19:54
adef824f-5ae7-4b27-b627-6683e0fc178f,millennium.mov,premium,73.75,73.75,high,low,10,name.com,,,24/08/2026 23:15
bbf8bdb0-8bed-4a11-a05b-a2d28795e7f5,busybodied.mov,available,12.98,15.98,medium,low,10,namecheap,,,11/08/2026 11:28
82e08494-aa3d-4312-9681-f37bd6320e00,sock.mov,premium,37.7,37.7,high,low,4,namecheap,,,17/09/2026 21:43
422efa51-54d6-4c8c-9c14-74a218d9e5a0,blain.mov,available,12.98,15.98,medium,low,5,namecheap,,,24/09/2026 03:42
edd3dcc6-3c26-467f-b52d-0aaa890702db,discreet.mov,available,12.98,15.98,high,low,8,namecheap,,,12/08/2026 08:23
1962568f-d5e6-439c-8c5f-d2a536896ea2,details.mov,premium,161.25,,high,low,7,name.com,,,
3268bd67-7ba4-4f87-a8d5-1a133a4124ee,barbara.mov,premium,167.7,167.7,high,low,7,namecheap,,,25/09/2026 11:55
838b8429-d8c7-43b8-b12c-bd388e931609,tune.mov,premium,311.25,,high,low,4,name.com,,,
d3f0eef5-1038-475e-abbb-a05a77451abb,delhi.mov,premium,323.7,323.7,high,low,5,namecheap,,,24/09/2026 21:36
579d8466-78f7-4cde-87b5-878b9f2dc1d9,useable.mov,available,12.98,15.98,medium,low,7,namecheap,,,12/09/2026 23:57
a43a081c-acd8-4916-a28e-ef8d286c3629,liquors.mov,available,12.98,15.98,medium,low,7,namecheap,,,20/09/2026 06:24
fae977a8-e6c7-4f11-aec8-63ee8260a8df,harijan.mov,available,12.98,15.98,medium,low,7,namecheap,,,12/09/2026 21:38
e672e184-123b-4a5c-9072-229d026cc9fb,copyright.mov,premium,167.7,167.7,high,low,9,namecheap,,,24/09/2026 18:10
cf755e42-cc75-477f-98ee-1d5b2e2b1b33,nursing.mov,premium,141.35,141.35,high,low,7,porkbun,,,27/09/2026 11:56
a92988ca-2fb1-4071-9bbd-0fd949f1ee78,asala.mov,available,12.98,15.98,medium,low,5,namecheap,,,16/09/2026 12:33
f93bdb9f-777e-4dd8-a3d7-bc534ded4ae2,price.mov,premium,623.75,,high,low,5,name.com,,,
8c6f7184-5a0e-42a8-9fb9-284154beb9c6,applause.mov,available,12.98,15.98,high,low,8,namecheap,,,19/09/2026 20:55
6293d8bf-4786-457d-9644-13475bc6a462,blather.mov,available,12.98,15.98,medium,low,7,namecheap,,,24/09/2026 04:46
783871a7-b46c-458f-b274-9b91c9e60ea0,developing.mov,premium,73.75,73.75,high,low,10,name.com,,,24/09/2026 07:59
de563dce-ffb1-412b-a406-6981a91f88ea,uniform.mov,premium,76.7,76.7,high,low,7,namecheap,,,19/09/2026 05:41
3413c036-20e9-45cc-8c6d-24566ac63445,murillo.mov,available,12.98,15.98,high,low,7,namecheap,,,22/09/2026 09:24
3dd52e5e-dfe0-4fa1-8d39-510982863f2c,planner.mov,premium,167.7,167.7,high,low,7,namecheap,,,24/09/2026 17:52
075429a5-f8fb-44b1-ba13-9cacc322843f,tantalum.mov,available,12.98,15.98,medium,low,8,namecheap,,,20/09/2026 23:42
31962e72-d4c4-47e2-b232-e08aa236cc5b,calico.mov,premium,36.25,36.25,high,low,6,name.com,,,11/08/2026 14:19
aafb8cd9-000c-4d4b-9cb7-ab975c7265a1,splashy.mov,available,12.98,15.98,high,low,7,namecheap,,,18/08/2026 06:22
f8080275-f807-4ce6-a5f2-5c78de7dc15f,argonon.mov,available,12.98,15.98,medium,low,7,namecheap,,,20/09/2026 04:42
e44dff97-936e-4161-8189-d181a62a4940,tacking.mov,available,12.98,15.98,medium,low,7,namecheap,,,22/09/2026 12:46
fe16e847-f370-4648-99a6-8988a1230253,downfall.mov,available,12.98,15.98,medium,low,8,namecheap,,,24/09/2026 23:39
c1465d7b-b050-415e-a2e6-3c6c9d05fb0f,expedition.mov,premium,36.25,,high,low,10,name.com,,,
a8d7163f-1516-4ea7-b0d0-b733857aee2f,closely.mov,premium,36.25,,high,low,7,name.com,,,
e7aa31c8-1113-443f-91ba-4c8523133e77,acrosome.mov,available,12.98,15.98,medium,low,8,namecheap,,,17/09/2026 03:58
678ec339-6920-4a55-82fa-6f231e4fe07b,squeezable.mov,available,12.98,15.98,medium,low,10,namecheap,,,10/09/2026 17:41
ac673e5b-4eb8-4562-8b9b-ca2e665193ba,argun.mov,available,12.98,15.98,medium,low,5,namecheap,,,20/09/2026 04:51
7463222f-d0cf-4f63-82f7-a558950f519f,ariocarpus.mov,available,12.98,15.98,medium,low,10,namecheap,,,20/09/2026 05:32
b6dc341b-fbe7-4297-ace7-1b1fb9670725,ethical.mov,premium,76.7,76.7,high,low,7,namecheap,,,19/09/2026 14:49
22e6237d-db83-4cc1-8b4d-160b5f384060,jocose.mov,available,12.98,15.98,medium,low,6,namecheap,,,22/08/2026 12:54
aaa8c4ab-da9e-4de5-81ef-6837e57d1152,medusa.mov,premium,73.75,73.75,high,low,6,name.com,,,24/08/2026 19:13
3ccb6b05-7b4f-4ffb-8770-a973687df06f,heroes.mov,premium,648.7,648.7,high,low,6,namecheap,,,17/09/2026 22:48
c27e6bfd-ea44-4a26-88a8-1e7f157ff9a3,babu.mov,premium,37.7,37.7,high,low,4,namecheap,,,21/09/2026 12:51
fc4f55b0-2d7d-4d0b-8fec-f145ab42acde,childly.mov,available,12.98,15.98,medium,low,7,namecheap,,,12/08/2026 05:14
ac997a3c-8445-45fb-a234-20d2c56b0f42,beans.mov,premium,161.25,,high,low,5,name.com,,,
ab37eae1-7b58-4633-b946-2cc69b172aa2,keyrings.mov,available,12.98,15.98,medium,low,8,namecheap,,,20/09/2026 12:08
29a1b317-c73f-4500-80c2-8d1cf3e5d653,decisively.mov,available,12.98,15.98,high,low,10,namecheap,,,14/09/2026 11:10
1ef01419-3561-48a4-85b6-8edad615cba8,bulla.mov,available,12.98,15.98,medium,low,5,namecheap,,,24/09/2026 05:20
6718558f-a216-4978-8938-9390235d56a8,molecular.mov,premium,73.75,73.75,high,low,9,name.com,,,25/08/2026 03:53
6469223b-ce46-47c6-8a35-74b930a6cc20,sheathed.mov,available,12.98,15.98,high,medium,8,namecheap,,,10/09/2026 06:12
ca8dd1b1-893d-413a-bb75-4027588e55e8,locke.mov,available,12.98,15.98,high,low,5,namecheap,,,25/09/2026 08:02
0375e73a-08a2-4e05-ad37-7e651970c0dc,beefsteak.mov,available,12.98,15.98,high,low,9,namecheap,,,23/09/2026 01:15
0209e2ed-322b-4d10-9883-2e2d73babe55,harvest.mov,premium,323.7,323.7,high,low,7,namecheap,,,24/09/2026 19:41
7f3d9fd5-7458-4ce0-bcf5-6e8308331e22,basically.mov,premium,36.25,,high,low,9,name.com,,,
eb82e1e5-fa65-4a0b-b5ca-dc2b7f8f524e,milk.mov,premium,648.7,648.7,high,low,4,namecheap,,,25/09/2026 05:39
d7d3e0d3-8930-406a-8da7-d7b482c8c14c,archetypal.mov,available,12.98,15.98,high,low,10,namecheap,,,06/08/2026 15:32
a1f871a8-37c5-4da3-bbb1-127dbe15e799,unshielded.mov,available,12.98,15.98,medium,low,10,namecheap,,,12/09/2026 19:49
a1a943be-fa50-4344-a714-a167c97ef0e2,continuity.mov,available,12.98,15.98,high,low,10,namecheap,,,24/09/2026 17:42
51c42265-e375-4a9a-8966-d145ae7529b1,illiteracy.mov,available,16.99,18.99,medium,low,10,name.com,,,19/09/2026 01:54
89595bec-35cd-48cc-8de2-5d1c280e9cb9,barkeep.mov,available,12.98,15.98,high,low,7,namecheap,,,22/09/2026 06:22
c0c424ec-6dfd-42ed-a38e-6cb2c80ee0fb,rfc.mov,premium,76.7,76.7,high,low,3,namecheap,,,27/09/2026 06:31
4ac25a0b-9b54-4f85-af81-98bd99889bca,gruntle.mov,available,12.98,15.98,medium,low,7,namecheap,,,18/08/2026 22:14
c2d3263a-3f24-4b2c-8a57-86353b7a5ce2,sophistication.mov,available,15.98,,high,low,14,namecheap,,,
8e241d7f-45f3-4195-92fe-0f2d7af70654,esfahan.mov,available,12.98,15.98,medium,low,7,namecheap,,,20/09/2026 14:33
ce97513c-0eb6-4455-a782-b0c7ea853bd1,cindy.mov,premium,73.75,,high,low,5,name.com,,,
4a63e0c9-57b8-4a6a-a4e6-261795fa26fb,asklepios.mov,available,12.98,15.98,medium,low,9,namecheap,,,17/09/2026 13:21
4076e52a-3aac-4f91-8653-ce0829cd8497,vindictive.mov,available,12.98,15.98,medium,low,10,namecheap,,,14/08/2026 04:21
9c8f9c4b-6ba9-4aae-8464-6e54cacdf7e9,blindfold.mov,available,12.98,15.98,high,low,9,namecheap,,,10/08/2026 14:26
323ec7d1-4ef3-4bda-8a05-7aa9353b1b76,unmannered.mov,available,12.98,15.98,low,low,10,namecheap,,,08/08/2026 07:28
d6cf2ca1-f172-4c28-bb82-fd6b7169c330,lines.mov,premium,323.7,323.7,high,medium,5,namecheap,,,25/09/2026 13:07
89e52fe0-a817-4b08-95ea-c9a1ebb37ab0,homebound.mov,available,12.98,15.98,medium,low,9,namecheap,,,21/08/2026 10:54
2c11a7bf-9090-4039-9805-d01420800aa7,baron.mov,premium,311.25,311.25,high,low,5,name.com,,,22/09/2026 07:01
27d12e22-0c05-4efb-98d7-63918b63cb52,flowering.mov,available,12.98,15.98,high,low,9,namecheap,,,18/08/2026 09:02
ff80cf38-474b-41a6-bfc2-540caed7188c,smartest.mov,available,12.98,15.98,high,low,8,namecheap,,,20/09/2026 22:26
e0c6d881-18b5-4335-8674-4cd65c597d01,finalized.mov,available,12.98,15.98,medium,low,9,namecheap,,,17/09/2026 13:05
e6b95b75-bee1-437e-8639-aaee064391ba,agrippina.mov,available,12.98,15.98,medium,low,9,namecheap,,,17/09/2026 19:33
0f7cfbb7-89ca-43d2-b000-84485b699b77,obtainable.mov,available,12.98,15.98,high,low,10,namecheap,,,18/08/2026 23:06
3a13b289-01c2-4a97-a6ec-8cd9b3e48416,thing.mov,premium,311.25,,high,low,5,name.com,,,
4005fafd-f463-4b8c-bee7-7f9fa392751c,sorbed.mov,available,12.98,15.98,medium,low,6,namecheap,,,10/09/2026 14:27
f2d2d798-0c42-4f9d-8274-7951b1523264,net.mov,premium,648.7,648.7,high,medium,3,namecheap,,,25/09/2026 22:57
7ba474ef-192a-4688-b5f5-98c18d4f2ea5,lynchpin.mov,available,12.98,15.98,high,low,8,namecheap,,,21/09/2026 15:18
f70f3cd8-1afb-4052-a0ea-06613672620e,chasing.mov,available,12.98,15.98,high,low,7,namecheap,,,27/09/2026 06:54
c7704f05-3cf2-442a-ba42-b6be2e067b6f,design.mov,premium,1248.75,1248.75,high,medium,6,name.com,,,24/09/2026 06:20
2b25d49f-cb27-4e70-b5bd-2a874e499d3d,beatniks.mov,available,12.98,15.98,high,low,8,namecheap,,,22/09/2026 21:34
810fe656-76b4-41ba-8cfb-13e43d6e3bad,chicks.mov,premium,76.7,76.7,high,low,6,namecheap,,,20/09/2026 03:49
02d4a666-d0bf-4f59-b142-02e8e8ab1ba5,intersex.mov,available,12.98,15.98,high,low,8,namecheap,,,17/08/2026 10:33
2d474365-3e01-4290-bf9d-862321033808,apoidea.mov,available,12.98,15.98,medium,low,7,namecheap,,,19/09/2026 18:38
8714a3fc-7199-4447-8b6a-dcc9bbfddccc,desirable.mov,available,12.98,15.98,high,low,9,namecheap,,,14/08/2026 03:47
1b964469-fc84-4554-939c-39e820a020ff,sudden.mov,premium,36.25,,high,low,6,name.com,,,
742f74d7-9047-4efc-ba85-d26e61b180ad,winy.mov,available,12.98,15.98,medium,low,4,namecheap,,,13/09/2026 12:25
988e1649-ac4a-442b-a813-8ce3a0488243,sugary.mov,available,12.98,15.98,high,low,6,namecheap,,,19/09/2026 16:54
0d3d806f-f595-44d0-b540-fcc157b3777a,receipts.mov,available,15.98,,high,low,8,namecheap,,,
9d47cf67-e556-4725-ac99-27e44f4804cc,like.mov,premium,648.7,648.7,high,medium,4,namecheap,,,21/09/2026 23:58
de33a62f-1b1e-4ef4-8782-30ec767e583d,sonic.mov,premium,623.75,623.75,high,low,5,name.com,,,10/09/2026 14:09
8106e2ee-9c24-412b-b2b2-2433592fd5ff,bulldog.mov,premium,76.7,76.7,high,low,7,namecheap,,,24/09/2026 11:08
0b0fda89-bb1e-4889-ac0a-48ad5f45087c,pens.mov,premium,37.7,37.7,medium,low,4,namecheap,,,20/09/2026 04:15
0e399ff6-bba6-441e-8fe8-75a4642f98d9,phallic.mov,available,12.98,15.98,medium,low,7,namecheap,,,08/09/2026 18:31
e612bed3-bb8a-4da9-9a4f-411d76289eec,appropriately.mov,available,15.98,,medium,low,13,namecheap,,,
69204885-3d41-4827-8eb0-c40f4237d288,pursuing.mov,available,12.98,15.98,high,medium,8,namecheap,,,09/09/2026 06:27
84857bcb-7036-4d17-8af9-404aeff7043d,stepping.mov,available,12.98,15.98,high,low,8,namecheap,,,16/09/2026 15:33
8bcfdeec-52eb-4c68-b8e6-1b336e2bf63d,fruitful.mov,available,12.98,15.98,high,low,8,namecheap,,,18/08/2026 17:02
8b5a7129-51eb-47f6-97f2-25e8a340879c,pending.mov,premium,37.7,37.7,high,low,7,namecheap,,,27/09/2026 03:20
45156651-cc08-42a3-a7ae-24529f156abd,presentation.mov,premium,73.75,,high,low,12,name.com,,,
cb061037-f117-40ac-a181-2e0f7dcf7a0c,blush.mov,premium,161.25,161.25,high,low,5,name.com,,,13/08/2026 06:32
d21f52d1-8eac-4cce-864b-05ed9edf1300,abdication.mov,available,12.98,15.98,medium,low,10,namecheap,,,16/09/2026 14:43
719f529f-d7df-4061-82c3-bc1f3b3560c7,abloom.mov,available,12.98,15.98,medium,low,6,namecheap,,,
cf9da865-2823-49c6-a91a-f49bb22cbb2c,titanic.mov,premium,73.75,73.75,high,low,7,name.com,,,11/09/2026 16:30
3d818cf3-3f7b-4676-a458-1ebe3b888b74,robustly.mov,available,12.98,15.98,medium,low,8,namecheap,,,15/09/2026 23:57
cda9b908-274e-4cde-b0eb-8a0693180b7c,cooperation.mov,premium,73.75,,high,low,11,name.com,,,
ea56218b-6daa-47fa-9ad0-91138845e91f,ongoing.mov,premium,76.7,76.7,high,low,7,namecheap,,,04/09/2026 13:59
ec3dc123-86aa-4ad8-8ea6-b7d0bd605d56,mentions.mov,available,12.98,15.98,medium,low,8,namecheap,,,17/09/2026 17:25
81b78163-696a-4300-a92f-048da8a4d66e,adjusted.mov,available,12.98,15.98,high,low,8,namecheap,,,21/09/2026 18:42
b2136a62-6c64-4278-b4e5-77d66a04e7bb,refuse.mov,premium,37.7,37.7,medium,low,6,namecheap,,,27/09/2026 02:42
afceaa88-ed13-4572-92f6-4e18c8abf2b2,sills.mov,available,12.98,15.98,high,low,5,namecheap,,,23/09/2026 06:04
40d0f94d-4b8f-4d2f-941f-88b8be00a61b,soldier.mov,premium,161.25,,high,low,7,name.com,,,
d3211909-f6cc-4dce-9aba-41c038110236,bengal.mov,premium,76.7,76.7,high,low,6,namecheap,,,23/09/2026 07:59
8f6e0941-0dc7-4668-be66-cfef8e3dabda,requires.mov,premium,37.7,37.7,medium,low,8,namecheap,,,18/09/2026 15:31
8272c7d1-ffcb-4d10-b0b9-f91c556a6d4d,alberta.mov,premium,167.7,167.7,high,low,7,namecheap,,,18/09/2026 02:45
9c8b1e7b-1cb6-4ae8-aa7f-60c5d2321cf4,beagle.mov,available,12.98,15.98,high,low,6,namecheap,,,22/09/2026 19:37
d36ef1bd-fe71-41c2-9769-3e47ef744841,identifier.mov,available,15.98,,high,low,10,namecheap,,,
a566aa95-b6a7-4353-991a-458e09510aa2,lamentably.mov,available,12.98,15.98,low,low,10,namecheap,,,14/09/2026 11:50
7a0deb6f-8e7c-4551-9f85-9cd8f7f3ca76,ive.mov,premium,161.25,,medium,low,3,name.com,,,
77379049-26cf-422c-82d7-cc5dccfe2f07,harmonical.mov,available,12.98,15.98,medium,low,10,namecheap,,,12/08/2026 22:48
6dec44c9-ab7c-41ee-a41c-3ba4b17d50b7,brad.mov,premium,161.25,161.25,high,low,4,name.com,,,24/09/2026 07:52
6b1272d9-6208-4996-a17a-8c24a14ba701,aalto.mov,premium,37.7,37.7,high,low,5,namecheap,,,16/09/2026 13:16
3fe1863d-63ae-4da5-a0b2-a5b03cc7073b,wellesley.mov,available,12.98,15.98,high,low,9,namecheap,,,27/09/2026 08:52
57ce7366-5780-4f92-866d-ac3a021374cb,understand.mov,premium,73.75,,high,low,10,name.com,,,
6748c9a4-7143-4325-8d2f-d07bd3b1ff0e,cold.mov,premium,323.7,323.7,high,low,4,namecheap,,,23/09/2026 15:03
aa44cc07-500b-49ec-813f-330709cd7aa9,breadfruit.mov,available,12.98,15.98,high,low,10,namecheap,,,20/09/2026 11:57
71c6c1c8-503f-4ae1-887d-2e447b8ff419,ellen.mov,premium,161.25,,high,low,5,name.com,,,
007b7c53-7f46-4e8c-8160-60a852f1bf6e,effectual.mov,available,12.98,15.98,high,low,9,namecheap,,,15/08/2026 14:20
5679b275-2401-4d51-9f7d-4f0231af796b,gilbert.mov,premium,73.75,73.75,high,low,7,name.com,,,18/08/2026 23:22
bc4298ea-346a-4661-8675-91a7b5194bdc,sul.mov,premium,167.7,167.7,high,low,3,namecheap,,,27/09/2026 10:19
0ded81fa-7040-40a5-b39a-4aec5c00e738,rejoin.mov,available,15.98,,high,low,6,namecheap,,,
cd60b4db-9725-43fe-9f95-b8f27b7971f4,orbital.mov,premium,76.7,76.7,high,low,7,namecheap,,,04/09/2026 17:35
b2b41bd1-fbf4-4c62-bf65-6f7a37b29f18,banian.mov,available,12.98,15.98,medium,low,6,namecheap,,,22/09/2026 02:05
02ea8333-6bd4-4922-9eb0-a98527450365,gavin.mov,premium,76.7,76.7,high,low,5,namecheap,,,26/09/2026 03:29
15dc6f37-8d8c-4726-87f4-fbc295fcc095,turbid.mov,available,12.98,15.98,medium,low,6,namecheap,,,25/08/2026 01:10
8d982282-4d6b-41d4-8b30-44042c0cbbb0,wins.mov,premium,37.7,37.7,high,low,4,namecheap,,,18/09/2026 14:21
2262a647-9b2d-4ab3-b11e-7542fc6ada38,pops.mov,premium,167.7,167.7,high,low,4,namecheap,,,18/09/2026 21:55
0941eb1c-bd34-4979-a0ae-77dc042704ea,learnt.mov,available,15.98,,medium,low,6,namecheap,,,
11fe778d-72ab-4336-9d34-ef525f45345f,peach.mov,premium,311.25,311.25,high,low,5,name.com,,,22/08/2026 16:45
8c251a03-9d60-4670-9193-2a9ed4e0e613,cue.mov,premium,73.75,,high,low,3,name.com,,,
a9d5c353-f9ac-450d-b5b1-8cb543befb59,angelic.mov,available,12.98,15.98,high,low,7,namecheap,,,22/09/2026 04:25
198588b2-298e-4c6e-9486-5e49177cf193,stormed.mov,available,12.98,15.98,medium,low,7,namecheap,,,20/09/2026 15:47
9b0b0b4e-89c2-4f6f-8622-ae685f60ad17,sylvan.mov,premium,37.7,37.7,high,medium,6,namecheap,,,10/09/2026 08:11
165b5eb8-2330-4473-a1ad-1d16ba5cd72c,antiquity.mov,available,16.99,18.99,medium,low,9,name.com,,,19/09/2026 03:50
b0d38343-9adb-4140-8ff3-bb8404c4fb82,rounder.mov,available,12.98,15.98,high,low,7,namecheap,,,23/08/2026 00:51
ddb4b347-12be-43ce-b6c8-d614bc0e3dd4,seem.mov,premium,36.25,,high,low,4,name.com,,,
9ce84dff-a044-474a-82a9-189cb28510d3,pat.mov,premium,76.7,76.7,high,low,3,namecheap,,,27/09/2026 03:00
e19d5727-9b8e-441d-93b1-3c0052edd366,flavourful.mov,available,12.98,15.98,medium,low,10,namecheap,,,18/08/2026 07:06
bac79244-2946-404f-a81c-e75bb65fc1d5,acute.mov,premium,37.7,37.7,high,low,5,namecheap,,,21/09/2026 16:39
49936087-3f00-4b88-8b05-ab65cba63291,animalism.mov,available,12.98,15.98,medium,low,9,namecheap,,,19/09/2026 08:55
8d998d40-0566-46cf-b67b-4bcffad74b02,beanbag.mov,available,12.98,15.98,high,low,7,namecheap,,,22/09/2026 20:20
1f324568-1ecb-444b-87d5-459e40291f76,adamant.mov,available,12.98,15.98,high,low,7,namecheap,,,
5a322dcb-1bd6-4bec-85ae-6d4a266bcbd2,chalky.mov,available,12.98,15.98,medium,low,6,namecheap,,,11/08/2026 13:39
4db0b58f-cb6b-4d98-a5f8-60d41bdd583a,conflict.mov,premium,76.7,76.7,high,low,8,namecheap,,,22/09/2026 14:40
7e8a5e15-bc92-48dd-916a-c716a010206b,immediate.mov,premium,76.7,76.7,high,low,9,namecheap,,,23/09/2026 22:04
25616315-670a-46f6-8dff-0b676f9745d8,inocor.mov,available,12.98,15.98,medium,low,6,namecheap,,,18/09/2026 23:58
b9d5e7f9-522d-4782-b4c8-d2ebbf2358f5,assistant.mov,premium,1298.7,1298.7,high,low,9,namecheap,,,22/09/2026 09:56
1cfb1593-bc0a-459d-82f3-b58bc1435497,razorback.mov,available,12.98,15.98,high,low,9,namecheap,,,09/09/2026 10:48
2c075f71-f916-4491-8e2f-79c8e3918838,infantile.mov,available,12.98,15.98,medium,low,9,namecheap,,,12/08/2026 05:04
f0a5b3d1-4de7-4d96-86b9-3c085e8fe64c,dapper.mov,premium,73.75,73.75,high,low,6,name.com,,,13/08/2026 17:25
c75e9275-c6ab-4cb4-907c-d15c20c77936,rebellion.mov,available,15.98,,high,low,9,namecheap,,,
59d5d85e-005c-4830-a1bf-8ae05aeda6d2,jawless.mov,available,12.98,15.98,medium,low,7,namecheap,,,22/08/2026 12:34
410c9d2c-4bef-473c-9caf-6bc1354585c0,amoeba.mov,available,12.98,15.98,high,low,6,namecheap,,,18/09/2026 17:41
b943d9ac-4dfb-48c1-a0ca-fbcc2722afa4,chairman.mov,available,15.98,,high,low,8,namecheap,,,
d5e31fa2-6770-4634-b4b5-59b04486bdcc,sculpture.mov,premium,36.25,36.25,high,low,9,name.com,,,20/08/2026 18:45
59ce840b-00b9-4393-95c2-50f08d0a5b9b,scarey.mov,available,12.98,15.98,medium,low,6,namecheap,,,12/08/2026 05:21
15aa699d-83b9-4535-b999-2dbaee567edd,waver.mov,available,12.98,15.98,medium,low,5,namecheap,,,17/08/2026 21:37
1a2712dd-da8d-49ce-8b87-9e2338d1c3a0,tannic.mov,available,12.98,15.98,medium,low,6,namecheap,,,11/09/2026 08:01
a802ebf7-63f1-4fc3-978e-9b113345c5b5,risky.mov,premium,36.25,36.25,medium,low,5,name.com,,,21/08/2026 01:43
02f76052-be1e-479f-9c25-06fa344a7270,aerialist.mov,available,12.98,15.98,high,low,9,namecheap,,,17/09/2026 12:50
d1334d73-e8f8-4aaa-b1b4-165202faaea6,claim.mov,premium,623.75,,high,low,5,name.com,,,
c7e9a4fd-10f7-4e51-a3bf-3efa0d9c5de3,naively.mov,available,12.98,15.98,medium,low,7,namecheap,,,15/09/2026 16:00
d40a6332-c9da-44f7-94ba-61b1a1561e2f,trials.mov,premium,76.7,76.7,medium,low,6,namecheap,,,18/09/2026 17:43
3cd94e68-8fe3-4305-994a-0f9fca60e0c3,emphatic.mov,available,12.98,15.98,high,low,8,namecheap,,,16/08/2026 16:45
c030e1eb-9ea7-46ca-b28d-265088c3e425,customary.mov,available,12.98,15.98,high,low,9,namecheap,,,13/08/2026 12:29
1ed316f5-542e-4b41-be2f-07984c9bdd74,piggy.mov,premium,36.25,36.25,high,low,5,name.com,,,21/08/2026 10:19
e5dc3173-6aa5-46c0-8e28-2e5139c172d8,variegated.mov,available,12.98,15.98,medium,low,10,namecheap,,,13/09/2026 01:18
0fb7ccb8-ca42-4aa3-8249-e7e2ca9f1dee,cordiality.mov,available,12.98,15.98,high,low,10,namecheap,,,18/09/2026 21:58
8a81d29e-9195-426a-8147-1c0e6be76851,photographers.mov,premium,37.7,37.7,medium,low,13,namecheap,,,19/09/2026 22:58
926b5f27-8522-4232-8a1e-50854a187b62,deep.mov,premium,648.7,648.7,high,medium,4,namecheap,,,21/09/2026 15:15
43508499-c468-46cf-98fd-547f873ec3bc,superhuman.mov,available,12.98,15.98,high,low,10,namecheap,,,11/09/2026 02:16
428ab106-4fc3-4696-bccd-d3728d5335ee,unspotted.mov,available,12.98,15.98,medium,low,9,namecheap,,,12/09/2026 20:15
9535f949-4837-4b98-9a4a-aeffd414af6e,sidereal.mov,available,12.98,15.98,high,medium,8,namecheap,,,10/09/2026 07:46
d57f3947-22af-41ce-b09b-11b1964eee5e,branded.mov,premium,37.7,37.7,high,low,7,namecheap,,,23/09/2026 02:22
0ee72143-6b74-4c4a-84d4-db920fd76c8c,jordanian.mov,available,12.98,15.98,high,low,9,namecheap,,,22/08/2026 14:01
8dbb8e4a-4159-4d6e-913f-c83e8188664b,scaly.mov,available,12.98,15.98,medium,low,5,namecheap,,,23/08/2026 00:05
a2e519ea-13d6-4383-ba92-30f7eb9b5e65,fuel.mov,premium,311.25,,high,low,4,name.com,,,
ae6de29a-f557-4e54-ac0f-88cd81dab2d9,lutecium.mov,available,12.98,15.98,medium,low,8,namecheap,,,20/09/2026 23:39
2a1f981e-2336-4d65-9ee8-7d7485b3a4ae,analogous.mov,available,12.98,15.98,medium,low,9,namecheap,,,
c0673c6f-b7b8-485b-8707-63e8f4b2861c,gidgee.mov,available,12.98,15.98,medium,low,6,namecheap,,,16/09/2026 20:01
73de9039-700f-4374-8206-0654df35b34d,equations.mov,available,12.98,15.98,medium,low,9,namecheap,,,18/09/2026 12:39
a551356b-83a5-4571-bfb2-dd3a77a25fe8,sax.mov,premium,76.7,76.7,high,low,3,namecheap,,,17/09/2026 09:36
4fccfc62-8865-4316-b65b-3c9e35ea54e5,allowable.mov,available,12.98,15.98,high,low,9,namecheap,,,
8713c0d8-bfba-4cc1-9c83-166d755c3234,cathouse.mov,available,12.98,15.98,medium,low,8,namecheap,,,21/09/2026 18:24
4ec5b0e2-1f46-441d-92b2-d062464e408d,marshall.mov,premium,37.7,37.7,high,low,8,namecheap,,,25/09/2026 05:06
381826a6-8af8-408b-acb6-dcf459b0155b,haul.mov,premium,30.22,30.22,high,low,4,spaceship,,,27/09/2026 12:17
a4c2f2ee-68ce-45a8-8b5b-8163811737c3,lens.mov,premium,623.75,,high,medium,4,name.com,,,
9889eec4-a071-489f-bee2-62f5cfae7c72,colossal.mov,available,12.98,15.98,high,low,8,namecheap,,,12/08/2026 17:57
129b27eb-30a5-415d-b4aa-6008ea5f03b1,surprising.mov,available,15.98,,high,low,10,namecheap,,,
84fd1a4c-a8fc-47f1-9aa3-8fa19403a7e5,bawling.mov,available,12.98,15.98,medium,low,7,namecheap,,,13/09/2026 07:42
0406a283-59cc-4afd-a50e-341b397e8558,pesky.mov,available,12.98,15.98,medium,low,5,namecheap,,,
bd8f5ebb-080c-4289-a0d6-5ebc858f7954,shouted.mov,available,15.98,,high,low,7,namecheap,,,
ea69a6d4-ee1c-43bd-9d34-56e7f9a1356f,bamboo.mov,premium,648.7,648.7,high,medium,6,namecheap,,,22/09/2026 00:40
296456fd-8347-4c1f-8607-e899e8b99618,rollover.mov,available,12.98,15.98,high,low,9,namecheap,,,16/09/2026 17:22
3314970d-405f-4830-9369-0b71a254358d,pork.mov,available,,,high,low,4,,,,26/09/2026 00:07
935a6d60-443f-4a40-bc6e-69cecba2e9c8,awarding.mov,available,15.98,,high,low,8,namecheap,,,
292f4e38-93bb-4df1-8d65-5dbc23f2a883,overlooked.mov,available,12.98,15.98,high,low,10,namecheap,,,04/09/2026 21:04
e095025e-98fb-4c84-86c6-d6a7ddd2f2f3,wilkes.mov,available,10.52,10.52,medium,low,6,spaceship,,,27/09/2026 12:29
00d7e241-6134-49c6-874a-eb76b8441c5d,primadonna.mov,available,15.98,,medium,low,11,namecheap,,,
d2fba7eb-f3b9-4dfa-b103-94e183a2abd1,condone.mov,available,15.98,,high,low,7,namecheap,,,
2e8685b2-1793-4b13-bc02-da31dfb938e1,exacting.mov,available,12.98,15.98,medium,low,8,namecheap,,,17/08/2026 15:32
2d73c526-9a1d-4d04-a3cf-67cb159e3a13,bilimbi.mov,available,12.98,15.98,medium,low,7,namecheap,,,21/09/2026 09:13
bb918195-a243-4553-a130-a32f4e70bef6,anniversary.mov,premium,36.25,,high,low,11,name.com,,,
ab132125-eca0-4c85-b64f-f7e38a573912,unblinking.mov,available,12.98,15.98,medium,low,10,namecheap,,,12/09/2026 02:16
f624f874-70d3-47a8-9886-14c367ec429f,faces.mov,premium,311.25,,high,low,5,name.com,,,
4d8a412c-fd65-4dd4-8aff-d145a175f726,latitude.mov,premium,73.75,,high,low,8,name.com,,,
a567bb1e-d3ba-4387-a5b4-9c843dce0a1b,embrace.mov,premium,73.75,,high,low,7,name.com,,,
f52dee83-fb00-4dd4-b1f9-3831737b4e66,drums.mov,premium,76.7,76.7,medium,low,5,namecheap,,,18/09/2026 11:40
da89b3ed-12c1-41e1-9917-d1c38a814e4d,bannister.mov,available,12.98,15.98,high,low,9,namecheap,,,22/09/2026 00:23
efa91c6e-df0b-4a51-83b6-7fa6ad2b259c,untrustworthy.mov,available,15.98,,medium,low,13,namecheap,,,
f4f74a4d-f539-4e27-a52e-dbc031ca16ac,tabu.mov,premium,36.25,36.25,high,low,4,name.com,,,18/08/2026 11:04
228c316a-769c-4606-82a1-2895344bcc4a,password.mov,premium,73.75,73.75,high,low,8,name.com,,,24/09/2026 18:40
188dede2-5b2d-4e5d-ac6b-1f3418015f4c,july.mov,premium,161.25,,high,low,4,name.com,,,
1b96ad34-2651-4a5c-ab2d-79901634b275,paraffin.mov,available,12.98,15.98,high,low,8,namecheap,,,18/09/2026 08:24
0b899fef-87fb-4ba7-816f-b0fcafd3f1c5,khat.mov,available,12.98,15.98,medium,low,4,namecheap,,,17/09/2026 15:23
4ad946c2-599e-472a-9fa5-7c9080ba487f,louis.mov,premium,323.7,323.7,high,low,5,namecheap,,,25/09/2026 07:59
6c37c1c3-a309-40a4-a0c1-652d4fa74bab,sinitic.mov,available,12.98,15.98,high,medium,7,namecheap,,,10/09/2026 08:29
28944c5a-caed-49a8-85ad-6ccee2274c6a,dense.mov,available,12.98,15.98,high,low,5,namecheap,,,08/09/2026 15:39
ed9e1ff5-c50a-4450-acd6-421dbd1f98f8,pervious.mov,available,12.98,15.98,medium,low,8,namecheap,,,08/09/2026 18:09
03c00093-2e83-4935-9b6a-1ecdd4ee9035,textual.mov,available,12.98,15.98,high,low,7,namecheap,,,11/09/2026 12:20
a0e47d6d-8375-4a70-a4a2-69a65a0372b1,primo.mov,premium,323.7,323.7,high,low,5,namecheap,,,09/09/2026 02:07
ed1cf320-8c8a-46b3-b9a3-c54fdf9bc2af,eve.mov,premium,648.7,648.7,high,medium,3,namecheap,,,24/09/2026 15:30
e2f39333-1ebd-4bbe-9792-2949134df780,weddings.mov,premium,76.7,76.7,high,low,8,namecheap,,,20/09/2026 01:47
f20a03f5-c13c-40b6-b9f5-fe2c3073d986,inharmonic.mov,available,12.98,15.98,low,low,10,namecheap,,,14/08/2026 10:54
1c58f7ab-d22c-4ce2-852a-69a9b39c196d,leprous.mov,available,12.98,15.98,medium,low,7,namecheap,,,23/08/2026 00:12
e4da19d5-7d5c-417b-8178-80b907ec838a,ones.mov,premium,161.25,,high,low,4,name.com,,,
97bb658a-6dca-4387-98be-d6e16a543d6f,emotions.mov,premium,76.7,76.7,high,low,8,namecheap,,,27/09/2026 02:04
93f4a1de-0366-46ea-bd14-59f962ac6458,apostrophe.mov,available,12.98,15.98,high,low,10,namecheap,,,19/09/2026 19:30
685d5b48-b1c5-49e9-8f90-6e10da5a5a86,ladle.mov,available,12.98,15.98,high,low,5,namecheap,,,22/08/2026 18:34
8fec38a5-078c-4acf-a142-aefd381012ae,splitting.mov,available,12.98,15.98,high,low,9,namecheap,,,09/09/2026 14:01
5a7a239a-3c53-4ddb-910c-e00d0f75ed15,connor.mov,premium,76.7,76.7,high,low,6,namecheap,,,25/09/2026 15:29
5e09f56e-9f8a-4b02-b98d-c4238aba88da,cow.mov,premium,311.25,,high,low,3,name.com,,,
d81d6ac4-cbf6-49fa-9fbc-911880055219,vagus.mov,available,12.98,15.98,medium,low,5,namecheap,,,08/09/2026 22:09
c8100111-df25-4990-9128-7d81043cd714,birdie.mov,premium,37.7,37.7,high,low,6,namecheap,,,23/09/2026 20:41
ece14087-a2b0-4e3b-9ccd-7172e50c0ec8,shanny.mov,available,12.98,15.98,medium,low,6,namecheap,,,24/09/2026 05:59
17eb2cba-6e32-4020-8ff6-cbfe7c32aa2f,attainable.mov,available,12.98,15.98,high,low,10,namecheap,,,19/09/2026 04:15
0a1d9ddf-224e-4d14-a9d0-84696317246b,attitude.mov,premium,73.75,,high,low,8,name.com,,,
287c0193-cd50-4fea-987b-d109ea4dddba,nasty.mov,premium,73.75,73.75,high,low,5,name.com,,,13/08/2026 08:48
dcb27374-1020-4e61-a29a-713503c81aa6,nonsmoking.mov,available,12.98,15.98,high,low,11,namecheap,,,16/09/2026 20:03
8c0f7057-acbf-434c-8898-cbe470c374e3,browsing.mov,available,15.98,,high,low,8,namecheap,,,
f233ec13-1b8e-43cb-aa10-680e9f000483,slipstream.mov,available,16.99,18.99,high,low,10,name.com,,,21/09/2026 16:20
22caf3fa-21cd-4772-afce-0dbc965ad50c,prn.mov,premium,76.7,76.7,medium,low,3,namecheap,,,13/09/2026 21:26
8e1e7d03-b343-4a70-b09c-19a09d84ea17,famed.mov,available,12.98,15.98,high,low,5,namecheap,,,11/08/2026 23:12
02748639-9e00-46d0-8ce4-c7b613853211,operatic.mov,available,12.98,15.98,high,low,8,namecheap,,,04/09/2026 16:24
4cccd789-7cae-48ee-a331-e4a531b46454,uneventful.mov,available,12.98,15.98,medium,low,10,namecheap,,,12/09/2026 09:21
f0e2943b-e18c-4402-81d9-45087f77bde7,unobserved.mov,available,12.98,15.98,medium,low,10,namecheap,,,12/09/2026 16:04
0e6853f6-d805-4b32-82a2-f1d29371395e,wolfbane.mov,available,12.98,15.98,medium,low,8,namecheap,,,17/09/2026 02:09
7c406707-6184-4234-a68b-94c254ce93a2,addin.mov,premium,37.7,37.7,high,low,6,namecheap,,,17/09/2026 06:37
e7172a2d-5802-4c14-a73f-690fa5991912,valuator.mov,available,12.98,15.98,medium,low,8,namecheap,,,19/09/2026 22:13
8a080a18-5cb9-4965-8871-8c5b5a00bd79,synchronic.mov,available,12.98,15.98,medium,low,10,namecheap,,,11/09/2026 06:15
ab6b949d-82d8-44f2-966b-d7d0bfca8505,popish.mov,available,12.98,15.98,medium,low,6,namecheap,,,05/09/2026 01:32
8d9af9fb-ae7c-4ea4-9bd2-d5ca6e524e47,jerk.mov,premium,37.7,37.7,high,low,4,namecheap,,,25/09/2026 11:41
fd9c6913-2258-4d1f-97c9-ec1b7db19de6,slowest.mov,available,12.98,15.98,medium,low,7,namecheap,,,16/09/2026 02:44
e5d0f575-0310-40dd-a48f-9f3d41836035,exobiology.mov,available,12.98,15.98,medium,low,10,namecheap,,,20/09/2026 17:35
aaac5c55-c8d3-4f06-bc8d-69da69d604f7,unobvious.mov,available,12.98,15.98,medium,low,9,namecheap,,,12/09/2026 16:07
8e8c53ac-c729-486b-9089-b8e4aa5be52f,technology.mov,premium,76.7,76.7,high,low,10,namecheap,,,27/09/2026 01:35
706bf8d7-455a-4407-a2a2-52fffcdf26e7,blaeberry.mov,available,12.98,15.98,medium,low,9,namecheap,,,23/09/2026 15:39
e1055b61-e2cb-424c-b36a-274b5952f192,acetal.mov,available,16.99,18.99,medium,low,6,name.com,,,16/09/2026 23:47
d145c0b7-b30d-4f81-83af-7ce147af2071,crumpled.mov,available,12.98,15.98,medium,low,8,namecheap,,,13/08/2026 09:06
7f3d6f6c-dc82-46d1-845b-e3aac59422a9,rustproof.mov,available,12.98,15.98,high,low,9,namecheap,,,09/09/2026 20:21
6f1842cc-22c5-459a-893f-3a2bc72675b0,quiz.mov,premium,648.7,648.7,high,low,4,namecheap,,,27/09/2026 02:23
356a8d48-f6f7-43de-8cef-05f6085f1606,expect.mov,premium,73.75,,high,low,6,name.com,,,
3f23c7d4-21aa-4707-adef-f068cc43d0e8,corregidor.mov,available,16.99,18.99,medium,low,10,name.com,,,22/09/2026 13:13
aa65542e-88ea-4709-93b1-88c8546c8edd,senatorial.mov,available,12.98,15.98,medium,low,10,namecheap,,,10/09/2026 03:38
67f5885c-65c6-41c0-b93c-54ea8f5d39c7,carved.mov,premium,36.25,36.25,high,low,6,name.com,,,11/08/2026 19:57
2225e82c-670e-4168-bf39-2bc8d1dd422c,dissected.mov,available,12.98,15.98,medium,low,9,namecheap,,,12/08/2026 10:41
06e40f69-8a68-4557-b144-54326b87dee7,cab.mov,premium,323.7,323.7,high,low,3,namecheap,,,24/09/2026 11:33
b6d93cb6-ddaf-47f7-bf8c-7b1602dc26d4,accidental.mov,available,12.98,15.98,high,low,10,namecheap,,,
27bd3efa-2560-4735-a3dd-187a970d3b87,apropos.mov,premium,36.25,36.25,high,low,7,name.com,,,06/08/2026 10:00
28238b9f-95a6-4803-9813-afd2d4832866,anomalous.mov,available,12.98,15.98,high,low,9,namecheap,,,
85aac581-470b-4ee7-b002-15b5c62eb6f3,banshee.mov,available,12.98,15.98,high,low,7,namecheap,,,22/09/2026 03:09
c37caed8-9460-4527-bbb2-a9f2b6ca466d,photic.mov,available,12.98,15.98,high,low,6,namecheap,,,08/09/2026 19:17
d1deb34e-d0ae-4974-a633-6193f62a09f9,orphic.mov,available,12.98,15.98,medium,low,6,namecheap,,,03/09/2026 12:27
bc7bdb4d-56d2-4b52-be1b-7c54d88b7146,swart.mov,available,12.98,15.98,medium,low,5,namecheap,,,11/09/2026 05:22
47c95671-4473-4854-9d90-b6c0804ab30d,pawpaw.mov,available,12.98,15.98,high,low,6,namecheap,,,20/09/2026 14:11
be99625c-9243-4097-9f2d-e61e721572c8,mauritian.mov,available,12.98,15.98,high,low,9,namecheap,,,24/08/2026 17:35
ddcbe1bb-1f9b-4a76-b594-c0fb36a24a35,satisfied.mov,available,12.98,15.98,high,low,9,namecheap,,,27/09/2026 09:14
3f9f63b3-b1fb-43ce-8800-c2662271ff1c,asafoetida.mov,available,12.98,15.98,medium,low,10,namecheap,,,20/09/2026 12:43
02cb2eba-a32f-41fe-a50d-58db0d733e70,unhappy.mov,available,12.98,15.98,high,low,7,namecheap,,,24/09/2026 12:43
1bd54384-d7f6-4604-80b0-35a076d14128,troublous.mov,available,12.98,15.98,low,low,9,namecheap,,,11/09/2026 20:27
1fbe2b6b-1793-45c9-80d0-1d638c5a94b0,beeswax.mov,available,12.98,15.98,high,low,7,namecheap,,,23/09/2026 01:48
d028d9bd-65d5-47d3-82fa-2db088ac008d,moscow.mov,premium,311.25,,high,low,6,name.com,,,
cdcb4558-2096-49bb-8571-94ec6c263f99,promenade.mov,available,12.98,15.98,high,low,9,namecheap,,,18/09/2026 16:56
f121593c-4c8b-4a12-b230-98fa00c13b91,pampering.mov,available,12.98,15.98,high,low,9,namecheap,,,05/09/2026 00:29
26cff96e-9f67-4b6a-8f6b-378678a031a7,playaround.mov,available,12.98,15.98,medium,low,11,namecheap,,,17/09/2026 06:03
03395994-c80b-4f0d-92fa-6a7f68e6af89,overshot.mov,available,12.98,15.98,medium,low,8,namecheap,,,04/09/2026 21:51
a6e08a5f-557f-4f65-90fe-c99a203daedf,unhurt.mov,available,12.98,15.98,high,medium,6,namecheap,,,09/09/2026 20:45
01ff0c6a-35c5-413d-a3e7-8f3b730e8e43,lick.mov,premium,73.75,,high,low,4,name.com,,,
f04bc9c1-1eee-4ce6-9cdd-400fb4ecf656,eureka.mov,premium,167.7,167.7,high,medium,6,namecheap,,,24/09/2026 17:33
16c21c28-d5b3-4d80-aece-0260cb0b2869,ages.mov,premium,161.25,,medium,low,4,name.com,,,
f5cde05c-0814-46ac-abc1-69c7eed99722,uncounted.mov,available,12.98,15.98,high,low,9,namecheap,,,13/08/2026 03:44
3035e352-c509-45b7-8e61-2b70fd1c1f84,cancellous.mov,available,12.98,15.98,medium,low,10,namecheap,,,11/08/2026 16:31
8c6ce76b-de3f-4f67-b6e5-cd474c3579cf,injured.mov,available,12.98,15.98,high,low,7,namecheap,,,22/08/2026 05:38
da87db75-0548-44fe-bb28-86f6ea2d9249,childhood.mov,premium,73.75,,high,low,9,name.com,,,
72935d6c-6a65-407c-aa05-5d94c2b475cb,supermarket.mov,premium,161.25,,high,low,11,name.com,,,
d19021f1-9571-4fb1-b518-fb2af89a7bae,chiseled.mov,available,12.98,15.98,medium,low,8,namecheap,,,12/08/2026 06:05
b14cfa3b-6be4-4f94-a9d5-8be63c3b6797,olympia.mov,premium,73.75,,high,low,7,name.com,,,
0700b728-1e94-4d7e-9d27-f4d200a17fa8,scattered.mov,available,12.98,15.98,medium,low,9,namecheap,,,14/08/2026 11:23
82398616-f1f0-4287-abd0-393d0cec133f,creating.mov,premium,161.25,,high,low,8,name.com,,,
603f292d-2654-4be3-96ce-6d05868a518b,suv.mov,premium,73.75,,high,low,3,name.com,,,
6e8fe04a-02b6-4eb4-981e-7b93fca90ed4,anzio.mov,available,12.98,15.98,medium,low,5,namecheap,,,19/09/2026 16:01
6f8af654-4200-43b5-b8e1-0cdce130d66f,des.mov,premium,623.75,,high,low,3,name.com,,,
69232aa8-dc79-4f90-bcaa-7a8d15174009,gaffer.mov,available,12.98,15.98,high,low,6,namecheap,,,
0670330b-66d8-40ca-9f19-6995520251b7,technical.mov,premium,167.7,167.7,high,low,9,namecheap,,,23/09/2026 20:19
fc58a716-ec0c-494e-96c2-e6d12c235456,sending.mov,premium,167.7,167.7,high,low,7,namecheap,,,25/09/2026 10:37
56ac2957-6c34-4e85-a954-829e697b5582,alabaster.mov,available,12.98,15.98,high,low,9,namecheap,,,
3580862f-a87a-4dad-8d2c-043015672e3a,despot.mov,available,12.98,15.98,medium,low,6,namecheap,,,21/09/2026 06:11
957d6c76-6820-45a6-b942-a5977e962f7a,enteral.mov,available,12.98,15.98,medium,low,7,namecheap,,,17/08/2026 09:55
41a78708-1256-4323-8490-ce5438a96f94,attendance.mov,premium,37.7,37.7,high,low,10,namecheap,,,21/09/2026 01:23
5940251c-6ae1-42ac-a817-a01024d38186,nigerien.mov,available,12.98,15.98,medium,low,8,namecheap,,,03/09/2026 17:14
62d7d4de-4c23-40fc-ae4f-722be2cd859d,tooth.mov,premium,167.7,167.7,high,low,5,namecheap,,,19/09/2026 18:20
7d94e09a-c98b-4ab1-b333-79e4551754d2,riming.mov,available,12.98,15.98,medium,low,6,namecheap,,,09/09/2026 16:55
0b81a705-440d-4929-910f-3820c79fab1a,detached.mov,available,12.98,15.98,high,low,8,namecheap,,,24/09/2026 07:07
f0053a33-f67d-444b-bba8-0e1b95d821fd,chanukkah.mov,available,15.98,,medium,low,9,namecheap,,,
7aa5a65f-acca-4292-bcc5-3b43c0105e2a,importantly.mov,available,15.98,,medium,low,11,namecheap,,,
f38b06e1-32fc-46d7-af3d-482157f6ea83,snuffly.mov,available,12.98,15.98,high,medium,7,namecheap,,,10/09/2026 12:37
195e4c6f-56c6-4608-966b-09570feb9ddd,thunderous.mov,available,16.99,18.99,medium,low,10,name.com,,,13/08/2026 19:56
b22ca85e-48ec-413a-8dc8-9eb961bbb5b2,karpov.mov,available,12.98,15.98,high,low,6,namecheap,,,19/09/2026 03:27
5901da94-15b1-4a09-adb5-e22344da1c8b,academe.mov,available,12.98,15.98,high,low,7,namecheap,,,16/09/2026 20:22
7f13ed29-6691-464a-a475-0981b526ac59,aardwolf.mov,available,12.98,15.98,medium,low,8,namecheap,,,19/09/2026 15:52
ffb43343-c65a-4466-9451-736b609bb154,prayerful.mov,available,12.98,15.98,high,medium,9,namecheap,,,09/09/2026 01:05
e840a32f-da23-42c5-bb0e-d5c1adf44494,anyhow.mov,available,12.98,15.98,medium,low,6,namecheap,,,13/09/2026 20:11
ccc96c3e-3c8a-4ce6-bc70-2e66a1e60aad,sensational.mov,available,15.98,,high,low,11,namecheap,,,
3d72ef53-8381-4297-a0a1-13b143216287,centuries.mov,available,12.98,15.98,medium,low,9,namecheap,,,17/09/2026 04:43
03511e38-3eee-44f0-b58d-329cf1ff77a0,bellowing.mov,available,12.98,15.98,high,low,9,namecheap,,,23/09/2026 06:18
7ee51f01-66fe-422c-897d-7e2e27cefefc,implanted.mov,available,12.98,15.98,medium,low,9,namecheap,,,13/08/2026 22:47
5fd4879e-7700-476b-8cb0-e917a02a2322,bedspread.mov,available,12.98,15.98,high,low,9,namecheap,,,22/09/2026 22:52
3b6fb233-4ac8-48d7-b972-5f99276b17e6,gil.mov,premium,76.7,76.7,high,low,3,namecheap,,,25/09/2026 13:06
cf9779e6-1a15-4d52-86a8-019c8baab495,posed.mov,available,12.98,15.98,high,low,5,namecheap,,,09/09/2026 00:04
8e00db07-7cec-4025-a278-199b3164c922,abasia.mov,available,12.98,15.98,medium,low,6,namecheap,,,16/09/2026 14:05
647f4ef9-dd72-47e4-83d9-5241aef8ce7e,audit.mov,premium,167.7,167.7,high,low,5,namecheap,,,21/09/2026 03:05
d18d514b-2bfb-44ae-8de7-7d97a4670bad,unknowing.mov,available,12.98,15.98,medium,low,9,namecheap,,,12/09/2026 14:22
51440686-435d-4329-a52c-c2544a07a6af,mom.mov,premium,623.75,,high,low,3,name.com,,,
b2fd445f-f4f6-42d3-aa7f-bd2e80ccdf96,irreverent.mov,available,12.98,15.98,medium,low,10,namecheap,,,20/08/2026 16:04
0a0060d5-2dab-4270-b364-402957e33f7a,festival.mov,premium,167.7,167.7,high,low,8,namecheap,,,19/09/2026 17:31
88812c98-e1eb-43d9-937e-210b56829075,boisterous.mov,available,12.98,15.98,high,low,10,namecheap,,,10/08/2026 17:38
72d7fabc-959b-4767-8360-1d21d18bd26d,stupendous.mov,available,12.98,15.98,high,low,10,namecheap,,,12/08/2026 18:00
7a1f4afe-b78d-40e6-ae94-f08e12b25f7a,hallowed.mov,available,12.98,15.98,high,low,8,namecheap,,,20/08/2026 22:52
9a493074-4611-4271-9354-90ea150b6f63,curving.mov,available,12.98,15.98,high,low,7,namecheap,,,13/08/2026 11:49
a4124ca2-6def-4091-88d1-9d83e0c95263,antrum.mov,available,12.98,15.98,medium,low,6,namecheap,,,19/09/2026 15:46
5f626b4e-d165-402b-8048-4c60bb3fb5be,amanita.mov,available,12.98,15.98,medium,low,7,namecheap,,,18/09/2026 15:43
25e3dc45-ed45-4221-b14f-07d94915f954,ruinous.mov,available,12.98,15.98,medium,low,7,namecheap,,,10/08/2026 13:28
7fe534be-b468-420a-94f1-5b437655d026,kurt.mov,premium,37.7,37.7,high,low,4,namecheap,,,25/09/2026 13:27
2918450e-0621-4252-8fb3-fe262f2c6b54,weight.mov,premium,323.7,323.7,high,low,6,namecheap,,,19/09/2026 19:07
b86b33da-c353-408e-919b-e2ed02e6e8a2,barracuda.mov,premium,37.7,37.7,high,low,9,namecheap,,,22/09/2026 07:54
f4ca34fb-ef75-480c-b37d-71a89dc54076,podgy.mov,available,12.98,15.98,medium,low,5,namecheap,,,08/09/2026 22:22
f395de28-8d0f-4067-86a2-ff4d1f83f101,research.mov,premium,167.7,167.7,high,medium,8,namecheap,,,25/09/2026 09:00
7b80dbbc-a074-4737-801f-c747b9796774,monger.mov,available,12.98,15.98,medium,low,6,namecheap,,,22/09/2026 05:36
138a69d5-6903-4e44-8eb9-7c47f7a0ce38,silicious.mov,available,12.98,15.98,high,medium,9,namecheap,,,10/09/2026 08:08
0e134e01-2d48-4b02-a1d7-5018adbdea73,tussle.mov,available,12.98,15.98,high,medium,6,namecheap,,,09/09/2026 18:55
97c54ceb-d53c-4e00-8926-eb7f67865b20,attractive.mov,premium,76.7,76.7,high,low,10,namecheap,,,22/09/2026 11:44
c78119b6-e234-423e-addb-f89115f9b94c,entirely.mov,available,12.98,15.98,high,low,8,namecheap,,,
460a5ef7-bee2-46e6-95ab-cbc5e9e334fe,tongue.mov,premium,161.25,,high,low,6,name.com,,,
5858579e-2240-4641-82f2-1b530ec5dff3,albizia.mov,available,12.98,15.98,high,low,7,namecheap,,,18/09/2026 03:01
967a9fae-20ae-431c-98eb-30660d88ca30,hutchinson.mov,available,12.98,15.98,high,low,10,namecheap,,,19/09/2026 10:20
90544683-4375-4616-baf5-39478af364cf,geriatric.mov,available,12.98,15.98,medium,low,9,namecheap,,,18/08/2026 22:42
a49af6f4-1f34-4274-b6cf-64aad5f64eb2,narration.mov,available,12.98,15.98,high,low,9,namecheap,,,03/09/2026 13:18
d249e3b0-9309-422d-a1e8-b6453a4da08d,tawdry.mov,available,12.98,15.98,medium,low,6,namecheap,,,12/08/2026 03:29
843b059d-d24e-4a47-ab91-a836afc74f89,divide.mov,premium,73.75,,high,low,6,name.com,,,
0d819400-26d3-4637-aec0-2fb9251bd0c0,oncoming.mov,available,12.98,15.98,high,low,8,namecheap,,,04/09/2026 14:27
cbad38e2-da8c-4cd3-a88c-17b9a2db09a0,columbine.mov,available,12.98,15.98,medium,low,9,namecheap,,,19/09/2026 23:13
cf541109-ed24-4198-be6b-26d1a336ec3a,unnerved.mov,available,12.98,15.98,medium,low,8,namecheap,,,12/09/2026 15:54
9874d64b-fa40-4e2c-91c0-3c5efe1b0e10,isle.mov,premium,36.25,,high,low,4,name.com,,,
55eb89be-bd4a-4eeb-9d04-23b39300a92b,minutes.mov,premium,161.25,,high,low,7,name.com,,,
d0c82909-16eb-4a30-af93-d59c6bb77367,campanula.mov,available,12.98,15.98,high,low,9,namecheap,,,23/09/2026 06:05
daecf006-c019-45ce-8246-c1958bdd074f,wrinkle.mov,available,12.98,15.98,medium,low,7,namecheap,,,13/08/2026 07:11
710c0a57-b247-48a9-a112-35f80ecee88d,marketable.mov,available,12.98,15.98,high,low,10,namecheap,,,24/08/2026 16:04
5e6b4dde-6c52-4b6a-989d-da086c2d8198,fading.mov,available,12.98,15.98,high,low,6,namecheap,,,21/09/2026 01:33
b7a50f26-7434-4513-87b1-f24b114f4638,cryonic.mov,available,12.98,15.98,medium,low,7,namecheap,,,13/08/2026 09:37
69901aee-133f-4f5c-8f10-f152abc60d57,grouch.mov,available,12.98,15.98,medium,low,6,namecheap,,,13/08/2026 04:56
bf755be2-d622-4ee7-a826-6dce65a59a31,compactly.mov,available,12.98,15.98,medium,low,9,namecheap,,,14/09/2026 07:35
c8decfef-00fe-4bb3-b5a5-ee4b159fb2f1,peptic.mov,available,12.98,15.98,medium,low,6,namecheap,,,08/09/2026 15:53
21aacd9e-0c46-4aea-84c2-49e75b2726a2,alger.mov,available,12.98,15.98,high,low,5,namecheap,,,18/09/2026 06:56
23a76bc9-9451-44fb-90c2-8c74443357ea,accounts.mov,premium,167.7,167.7,medium,low,8,namecheap,,,18/09/2026 16:24
2df553c6-4a3d-4fcd-8633-da75397c1a4a,catalogue.mov,premium,76.7,76.7,high,low,9,namecheap,,,24/09/2026 13:08
b7460616-6e75-4b74-b3ee-f89e35d105a1,amicable.mov,available,16.99,18.99,high,low,8,name.com,,,22/09/2026 04:19
7e946da5-7979-494f-8bce-baac4bcd8153,anglophile.mov,available,12.98,15.98,medium,low,10,namecheap,,,19/09/2026 06:52
6464231d-0582-4c17-9ab4-c308e54ddcf8,purchasing.mov,premium,37.7,37.7,high,low,10,namecheap,,,24/09/2026 11:23
17d1e8b6-1a19-4d6c-92a1-ab31c8cbcf69,fact.mov,premium,623.75,,high,low,4,name.com,,,
e77ee414-fa72-4836-9bd3-d1046c13285c,sigmoid.mov,available,12.98,15.98,high,medium,7,namecheap,,,10/09/2026 07:58
c1733744-8a8b-4341-ab3b-1ee0fa29440b,premiere.mov,premium,167.7,167.7,high,low,8,namecheap,,,27/09/2026 04:58
731f6868-7238-4383-926a-3abfd2f31ff8,horse.mov,premium,648.7,648.7,high,low,5,namecheap,,,24/09/2026 13:18
0f56619b-450b-4cd9-85b7-eb19a64002ad,plugin.mov,premium,323.7,323.7,high,low,7,namecheap,,,17/09/2026 06:36
6b5ee949-53bf-49fb-8ec0-c300d58bfe10,augury.mov,available,12.98,15.98,medium,low,6,namecheap,,,21/09/2026 03:41
c588bac6-3ad6-483f-bc53-1c21eb2a011f,gladsome.mov,available,12.98,15.98,high,low,8,namecheap,,,19/08/2026 00:13
c5132cd8-9d23-4aec-9c2c-6a887591bcfd,myriad.mov,available,12.98,15.98,high,low,6,namecheap,,,13/08/2026 03:40
643604e1-c9f4-414e-89de-9bea0f9e14e4,homophile.mov,available,12.98,15.98,high,low,9,namecheap,,,18/08/2026 20:56
eaaf8b36-9ce5-46b6-804e-6259f140bae7,massive.mov,premium,76.7,76.7,high,low,7,namecheap,,,25/09/2026 17:08
d9c28000-b116-422e-bc91-f50d42241131,dubnium.mov,available,12.98,15.98,medium,low,7,namecheap,,,20/09/2026 22:04
06f34a16-0f6d-4e4c-828c-bca74e4597d5,incline.mov,available,15.98,,high,low,7,namecheap,,,
e3e6bcf7-907a-4fc8-928c-708c9c49bc7b,amply.mov,available,12.98,15.98,medium,low,5,namecheap,,,13/09/2026 19:37
c763a407-863f-4cbd-8017-0b4b5285b7a6,trump.mov,premium,623.75,623.75,high,medium,5,name.com,,,09/08/2026 17:49
559c6a84-ad38-4bd6-be4f-f5f146af0637,potted.mov,available,12.98,15.98,high,medium,6,namecheap,,,09/09/2026 00:50
30189c02-3fa8-4bd8-b22f-4241061a1dd1,terror.mov,premium,73.75,,high,low,6,name.com,,,
7b865348-4ef3-4741-8c89-9bc48ead84e0,apprentice.mov,available,12.98,15.98,high,low,10,namecheap,,,19/09/2026 22:15
b8bb282f-b15b-4c34-b49a-c5ea5b8511ca,considering.mov,available,12.98,15.98,high,low,11,namecheap,,,26/09/2026 03:06
88f28b14-7cd9-4a1a-b894-03b5133917b3,borne.mov,premium,36.25,,high,low,5,name.com,,,
b55a2e55-49e8-4282-b3b1-99cd1471a183,blanch.mov,available,12.98,15.98,medium,low,6,namecheap,,,04/09/2026 23:27
e6a44590-e273-4ef2-9a32-2bfc51eb3b15,level.mov,premium,648.7,648.7,high,medium,5,namecheap,,,24/09/2026 15:32
8a07cfe6-5442-4e35-a035-67013d8a8a85,ailing.mov,available,12.98,15.98,high,low,6,namecheap,,,
c5752c44-9f5e-4b40-a644-4a482870d825,cambrian.mov,available,12.98,15.98,high,low,8,namecheap,,,11/08/2026 15:45
165d863a-57e9-4bb7-a0f1-19b5d4e77258,sounding.mov,available,12.98,15.98,high,low,8,namecheap,,,25/09/2026 14:20
f6e005ed-7930-4725-a2d9-d3d07d9b47bc,pertinence.mov,available,12.98,15.98,medium,low,10,namecheap,,,19/09/2026 21:52
74bdbc3a-3d92-467f-96fe-e40ccabd12d4,obdurate.mov,available,12.98,15.98,medium,low,8,namecheap,,,13/08/2026 12:15
be31eaee-cc96-43ef-8321-70050c504a60,british.mov,premium,167.7,167.7,high,low,7,namecheap,,,23/09/2026 09:38
a183dc1f-84d0-4fc7-a43f-1260794173c6,disability.mov,premium,76.7,76.7,high,low,10,namecheap,,,24/09/2026 22:26
03d9f47a-a030-441e-b1c8-5f1fac9fb4ef,fragmental.mov,available,12.98,15.98,high,low,10,namecheap,,,18/08/2026 14:01
66fd92c3-1ed3-4658-8165-f8bdf42e8732,polonium.mov,available,12.98,15.98,medium,low,8,namecheap,,,20/09/2026 23:54
66c1bca2-456c-4b98-aa7e-fd00573df8a2,bai.mov,premium,76.7,76.7,high,low,3,namecheap,,,21/09/2026 18:49
445b9e50-dbaa-4b8a-86f1-d43fa88479dd,hovers.mov,available,12.98,15.98,medium,low,6,namecheap,,,21/09/2026 10:26
e2faa41a-9311-488c-8b87-b9dd8ffc19d4,outright.mov,available,12.98,15.98,high,low,8,namecheap,,,04/09/2026 19:35
af35eaa7-8a93-4f43-ac2f-e66cc4d89b47,diamond.mov,premium,1298.7,1298.7,high,low,7,namecheap,,,21/09/2026 16:47
a03f338d-29ce-4efc-a835-3cb2b4d904cc,hormone.mov,premium,36.25,36.25,high,low,7,name.com,,,17/08/2026 01:04
fff3e06a-8ca0-4501-a8d4-74e2432ffe3b,bissau.mov,available,12.98,15.98,medium,low,6,namecheap,,,23/09/2026 22:06
c2829635-eba2-4206-98b9-ea8306e13c6a,acerola.mov,available,12.98,15.98,medium,low,7,namecheap,,,16/09/2026 23:42
16536923-bbac-4a5b-a147-6731708e9586,rostrate.mov,available,12.98,15.98,high,medium,8,namecheap,,,09/09/2026 18:45
a496d3dd-86d6-48d6-9c5b-30b5d0c8e753,falsetto.mov,available,12.98,15.98,high,low,8,namecheap,,,17/08/2026 21:33
72cf1210-0f97-498b-876d-9fc3a250b090,anatoxin.mov,available,12.98,15.98,medium,low,8,namecheap,,,19/09/2026 03:34
455f4719-e0b4-441b-9ddf-d5e912d1407e,precocial.mov,available,12.98,15.98,high,medium,9,namecheap,,,09/09/2026 01:15
a3078f36-e712-416b-b745-ce082ecfd641,facetious.mov,available,12.98,15.98,medium,low,9,namecheap,,,08/08/2026 14:39
78d84247-1bb7-4e33-9881-b71934be59f8,slavonic.mov,available,12.98,15.98,high,low,8,namecheap,,,10/09/2026 10:34
acc9d4fe-bf21-47ff-aaed-ad177dec1fc5,poster.mov,premium,311.25,,high,low,6,name.com,,,
1683892c-d3d1-4bda-823a-2fc017730981,unshapen.mov,available,12.98,15.98,medium,low,8,namecheap,,,12/09/2026 19:33
56171aa6-96b4-42fe-8d78-26703a75021f,streak.mov,premium,,,high,low,6,,,,27/09/2026 11:41
31712415-03c0-472c-8b87-f137f7c309cd,valorous.mov,available,12.98,15.98,medium,low,8,namecheap,,,13/09/2026 00:57
250874bf-dba2-426e-be9b-34ad5bfe4cab,anlage.mov,available,12.98,15.98,medium,low,6,namecheap,,,19/09/2026 09:53
9d02b385-ee06-4f95-b90e-5cd960580351,rootbound.mov,available,12.98,15.98,medium,low,9,namecheap,,,09/09/2026 00:46
3ad8d6f9-2190-43cb-b5ec-535c7bf4cd61,oxalis.mov,available,12.98,15.98,medium,low,6,namecheap,,,10/09/2026 14:35
7a8714ae-a932-4780-bedc-6bafeaeafe41,peopled.mov,available,12.98,15.98,medium,low,7,namecheap,,,08/09/2026 15:32
49037e31-fde6-45c7-bf0d-5965bef057c8,aquila.mov,premium,37.7,37.7,high,low,6,namecheap,,,19/09/2026 23:12
ac4b8c5f-c639-4b2f-afe9-ce150e41639a,responder.mov,premium,37.7,37.7,high,low,9,namecheap,,,19/09/2026 12:12
a7b9e2b6-39b7-457e-b247-db42e6155360,amylum.mov,available,12.98,15.98,medium,low,6,namecheap,,,19/09/2026 00:32
bdffae45-4819-4624-b13c-a99eb0c99b7c,letting.mov,premium,76.7,76.7,high,low,7,namecheap,,,09/09/2026 14:21
1e4c1ac2-0598-4234-b32f-a7955d6df82d,uttermost.mov,available,12.98,15.98,high,low,9,namecheap,,,17/08/2026 22:44
cba882d8-25be-4463-9295-cf102f2c9f9a,berries.mov,premium,37.7,37.7,high,low,7,namecheap,,,19/09/2026 15:37
5fef79f3-08e5-4491-b405-d518efe37baa,sorcerous.mov,available,12.98,15.98,medium,low,9,namecheap,,,24/08/2026 13:00
8c481b85-0eeb-46c7-b85e-27a51225599f,grass.mov,premium,623.75,,high,low,5,name.com,,,
c771db8e-e5d2-47a1-9f6b-f4d1015c1c0b,cooler.mov,premium,167.7,167.7,high,low,6,namecheap,,,24/09/2026 18:05
1ac2a3e0-19a2-4894-9180-690e85b4731e,quintet.mov,available,12.98,15.98,high,low,7,namecheap,,,
7066b3da-1f28-4ffd-9c97-79097cdcc677,millions.mov,premium,76.7,76.7,medium,low,8,namecheap,,,25/09/2026 20:31
f99816fd-9ded-4bf0-902a-ba4c2bd92a6b,untasted.mov,available,12.98,15.98,medium,low,8,namecheap,,,12/09/2026 21:05
777c2a0a-38aa-45df-9457-10a0768147d0,xciv.mov,available,12.98,15.98,medium,low,4,namecheap,,,
1e3c176d-c4d4-4ee1-b398-e82dd9ad03b0,perforated.mov,available,12.98,15.98,high,low,10,namecheap,,,08/09/2026 16:52
c7d44500-394d-4c79-8ec1-2894a062a5bf,airlift.mov,available,12.98,15.98,high,low,7,namecheap,,,17/09/2026 23:13
77ac89d5-724e-49bc-9025-9f9b3baa3d60,bioethics.mov,available,12.98,15.98,high,low,9,namecheap,,,23/09/2026 17:56
70c86b2f-290a-4729-920e-ccfa87f770df,boringly.mov,available,12.98,15.98,medium,low,8,namecheap,,,14/09/2026 01:08
bde3c5c6-64fb-44c8-abd5-0f04097ca8da,hooligan.mov,available,12.98,15.98,medium,low,8,namecheap,,,11/08/2026 08:39
b51b7608-bd98-4457-8650-66765d427e05,scar.mov,premium,37.7,37.7,high,low,4,namecheap,,,24/09/2026 15:00
b25dc3a1-6873-4d29-8cc8-cf431ee7cd22,formulary.mov,available,12.98,15.98,high,low,9,namecheap,,,18/08/2026 12:20
8d69d09f-26f5-4963-ba21-e212ddf5184c,acreage.mov,available,12.98,15.98,high,low,7,namecheap,,,17/09/2026 02:51
bf566460-fefa-41d8-a149-30dd3136d096,centesimal.mov,available,,,medium,low,10,,,,
e282b9dd-90cc-4ab4-9e6b-0c354840ce75,sarcoid.mov,available,12.98,15.98,high,medium,7,namecheap,,,09/09/2026 21:28
152c9942-0915-47f9-90ed-789bd614522a,feculent.mov,available,12.98,15.98,low,low,8,namecheap,,,18/08/2026 00:32
10cb986b-9fd7-4617-8cc2-d589883f56a1,spry.mov,available,12.98,15.98,high,low,4,namecheap,,,
e9ac32fa-5b7b-4b77-ad25-049d98a7ec4a,unimportant.mov,available,15.98,,medium,low,11,namecheap,,,
f00dbc65-242e-494b-89a5-61d4919fefc2,overgrown.mov,available,12.98,15.98,high,low,9,namecheap,,,04/09/2026 20:42
999fb25b-96ab-4e22-8d71-6b1cd9809833,resources.mov,premium,161.25,,high,low,9,name.com,,,
90896149-e7ec-4c90-89e0-59ded41c1a5f,din.mov,premium,311.25,311.25,high,low,3,name.com,,,10/08/2026 13:17
79cb6d5e-872a-4212-88b2-464ffccd4482,anxiety.mov,premium,167.7,167.7,high,low,7,namecheap,,,19/09/2026 15:59
41d96bea-b710-4029-b30d-5dbcc548b00e,anodal.mov,available,12.98,15.98,medium,low,6,namecheap,,,
23803dc9-c2a5-4be1-8e2d-32cf606084db,outstanding.mov,premium,37.7,37.7,high,low,11,namecheap,,,27/09/2026 06:10
649acd64-7736-458e-bea6-461611a1bb6f,dreadful.mov,available,12.98,15.98,high,low,8,namecheap,,,22/09/2026 15:15
fea11879-b547-4f23-87c5-cbed9c5d67eb,armchair.mov,available,12.98,15.98,high,low,8,namecheap,,,20/09/2026 06:33
6bef0b82-97c9-4888-a177-6ed033f70295,prefer.mov,premium,76.7,76.7,high,low,6,namecheap,,,27/09/2026 03:54
df1b7bc8-c89a-4bc9-9a1d-ba42e7dd5eeb,certain.mov,premium,73.75,,high,low,7,name.com,,,
67137dca-b6d8-49d5-b2fa-9ddc2297ea03,moderating.mov,available,12.98,15.98,medium,low,10,namecheap,,,25/08/2026 02:56
3f4df5f1-58ef-4f05-9d46-d48b1595a8b6,birdcage.mov,available,12.98,15.98,high,low,8,namecheap,,,23/09/2026 20:32
e68239e4-d56b-480f-b83e-5ff0e4bbd69d,jawed.mov,available,12.98,15.98,medium,low,5,namecheap,,,22/08/2026 12:32
6c744a4b-1b34-4974-8ff4-fde9f294fbf1,footer.mov,premium,37.7,37.7,high,low,6,namecheap,,,08/09/2026 12:38
d362664b-842b-4237-a431-13a91f4cde61,neural.mov,premium,323.7,323.7,high,low,6,namecheap,,,03/09/2026 16:09
78142ead-0098-4509-8af3-bf202c0e4e03,analytic.mov,premium,36.25,36.25,high,low,8,name.com,,,
31a45bd8-f0fc-4155-af84-d8db129f8b46,splurge.mov,available,12.98,15.98,high,low,7,namecheap,,,23/09/2026 17:20
ba86b0ec-b3d4-4865-817f-8f4ef8424316,jelly.mov,premium,161.25,,high,low,5,name.com,,,
de7310d6-f69a-47d3-9381-9e4b9c543496,tattletale.mov,available,12.98,15.98,medium,low,10,namecheap,,,11/09/2026 10:28
a6199ca1-0612-41dd-aece-69166476d5ab,silvertip.mov,available,12.98,15.98,high,low,9,namecheap,,,20/08/2026 20:13
931afac0-7ca7-4d70-8420-0985940c5b8a,softback.mov,available,12.98,15.98,medium,low,8,namecheap,,,05/09/2026 01:13
3c30932c-d4e9-406f-acc6-813975d78cb3,bud.mov,premium,73.75,,high,low,3,name.com,,,
e853e473-da90-43b5-8ea6-3596689697ae,faulty.mov,available,12.98,15.98,medium,low,6,namecheap,,,13/08/2026 23:08
efd01535-2442-417b-86b0-4eb0471f7011,checking.mov,premium,76.7,76.7,high,low,8,namecheap,,,25/09/2026 12:11
723e76fc-2880-4588-b7c8-1a9248470da0,christie.mov,premium,37.7,37.7,high,low,8,namecheap,,,17/09/2026 16:30
c9960eb4-d7c3-4523-8ed2-dddcaf06a6e5,gallant.mov,available,12.98,15.98,high,low,7,namecheap,,,12/08/2026 06:16
3be75420-a685-4996-a4dc-6c98b85c0922,communism.mov,available,12.98,15.98,high,low,9,namecheap,,,24/09/2026 16:38
7958a2d8-8352-477b-999a-c745c36bfac4,fiend.mov,premium,36.25,36.25,high,low,5,name.com,,,17/08/2026 21:54
4e17d642-6a1a-4050-a4d3-f5b8bbfdad3d,shake.mov,premium,648.7,648.7,high,low,5,namecheap,,,25/09/2026 06:52
16b5e3e9-e2e9-4f17-a428-9fad3967f63c,lavish.mov,premium,36.25,36.25,high,low,6,name.com,,,22/08/2026 21:07
1d8b5841-819f-4df9-8050-bcd820d368c3,speaking.mov,premium,76.7,76.7,high,medium,8,namecheap,,,10/09/2026 15:24
b78c248d-6ac9-4751-a852-795800d733cb,antisocial.mov,available,12.98,15.98,medium,low,10,namecheap,,,05/08/2026 19:39
6251f86d-9440-44b6-95ca-6a91c3b7898f,accessible.mov,premium,76.7,76.7,high,low,10,namecheap,,,21/09/2026 15:38
abf717f0-995e-4492-b2cb-9b8c588418b8,mentioned.mov,available,15.98,,medium,low,9,namecheap,,,
2c44e815-9134-45bf-9a35-de01a3cb1f61,unnamed.mov,available,12.98,15.98,high,low,7,namecheap,,,03/09/2026 12:56
c3c2816c-0419-4925-a6b8-c407fcfbd46d,moistness.mov,available,16.99,18.99,medium,low,9,name.com,,,13/08/2026 16:47
0bed6a39-81d3-4e63-a222-d97d8186fbcf,ineptitude.mov,available,12.98,15.98,medium,low,10,namecheap,,,21/09/2026 10:06
f5eac950-4d70-40fc-a1f0-088604b6b525,haversack.mov,available,12.98,15.98,high,low,9,namecheap,,,21/09/2026 14:43
f23400e5-4c83-4c84-9fba-3195048484d9,hired.mov,premium,311.25,311.25,high,low,5,name.com,,,12/08/2026 02:48
ea6ad2f0-47b8-4434-9a71-e83f14be124d,inwards.mov,available,12.98,15.98,high,low,7,namecheap,,,21/08/2026 23:32
39f5fcf1-6ec9-434b-a58b-a8f15a7d9f6a,cattleman.mov,available,12.98,15.98,high,low,9,namecheap,,,23/09/2026 00:40
41ced6c5-9a6d-4224-8fd2-b39214bbaad6,alter.mov,premium,623.75,623.75,high,low,5,name.com,,,03/09/2026 16:32
591f4b16-cbe1-483e-a71d-75fac9b64cd3,achievable.mov,available,12.98,15.98,high,low,10,namecheap,,,21/09/2026 15:42
8b31b94f-aed6-4970-9627-af05ec42e4cd,unbent.mov,available,12.98,15.98,medium,low,6,namecheap,,,12/09/2026 01:50
f1c2b318-f8df-4b83-b682-2fc23aab803c,backgrounds.mov,available,12.98,15.98,medium,low,11,namecheap,,,20/09/2026 22:12
2bd25ef6-5efa-4539-b723-9ded5c51732e,bentham.mov,available,12.98,15.98,high,low,7,namecheap,,,23/09/2026 08:40
abd99ad6-79d7-47da-993a-f441fa5e4f3f,glance.mov,premium,311.25,,high,low,6,name.com,,,
b86c0124-5964-48d6-a5fb-e4501f9a0d58,spirant.mov,available,12.98,15.98,medium,low,7,namecheap,,,12/08/2026 23:20
d23ab0fe-bd60-48b2-91eb-a6354a0aa1ac,marvelous.mov,available,12.98,15.98,high,low,9,namecheap,,,25/09/2026 00:13
c80aa641-baef-4cd3-8e8a-2a2ef2a5cd39,utmost.mov,available,12.98,15.98,high,low,6,namecheap,,,24/09/2026 17:09
9ca2d227-623e-4e5b-9049-e344c02a9a27,kim.mov,premium,648.7,648.7,high,low,3,namecheap,,,25/09/2026 19:17
732d2f8e-352d-4674-adea-dff4d2f3dec0,exodus.mov,premium,37.7,37.7,high,low,6,namecheap,,,24/09/2026 06:52
b73232f9-1473-4678-8de6-7bed4d79bb84,aigrette.mov,available,12.98,15.98,medium,low,8,namecheap,,,17/09/2026 20:55
80e626b5-1ec6-4870-bc05-8361e29cab7f,bitewing.mov,available,12.98,15.98,medium,low,8,namecheap,,,23/09/2026 22:28
fbfba166-69ce-407a-891c-7554061ea8a0,cafeteria.mov,available,12.98,15.98,high,low,9,namecheap,,,24/09/2026 11:37
5794d0df-1042-440b-8539-8412c402ffa8,bespoke.mov,premium,73.75,73.75,high,low,7,name.com,,,09/08/2026 17:25
0c12be7f-9ccd-4409-8fe4-083993dee6db,holdings.mov,premium,37.7,37.7,medium,low,8,namecheap,,,17/09/2026 20:27
9a00523b-31df-4f38-9fae-873f7aaa843f,abstention.mov,available,12.98,15.98,medium,low,10,namecheap,,,16/09/2026 18:27
3220888e-c75d-4bdd-ac8f-058ff8fafa0e,loopy.mov,available,12.98,15.98,medium,low,5,namecheap,,,06/08/2026 21:22
0302a47b-da40-4739-ba67-d1adba97ec2d,homey.mov,premium,36.25,36.25,high,low,5,name.com,,,21/08/2026 11:06
a95518b4-cd42-48fe-91c1-c590649e18b9,breast.mov,premium,648.7,648.7,high,low,6,namecheap,,,24/09/2026 08:29
b9437a1e-865a-4895-8364-42e13b8eb2f0,places.mov,premium,698.6,698.6,high,low,6,namecheap,,,
73081f83-6dc1-4e37-92c9-190974f1416d,protozoon.mov,available,12.98,15.98,medium,low,9,namecheap,,,09/09/2026 04:16
121ed172-6219-4efd-889a-cf3a46c137f1,posthumous.mov,available,12.98,15.98,medium,low,10,namecheap,,,09/09/2026 00:25
93533270-4e29-465a-bb96-035d149bec69,ding.mov,premium,73.75,,high,low,4,name.com,,,
f37bbd25-6f5c-47ee-9e75-930b9d9fb251,luscious.mov,available,12.98,15.98,high,low,8,namecheap,,,14/08/2026 00:22
3ba75586-56d0-4d22-b0fd-eba4285b3273,perth.mov,premium,167.7,167.7,high,low,5,namecheap,,,26/09/2026 00:00
2d4ce0aa-8397-4d05-97a2-241ac93876b1,volt.mov,premium,167.7,167.7,high,low,4,namecheap,,,13/09/2026 00:34
855896de-df0f-44e4-9b11-518fecb90ca7,andy.mov,premium,323.7,323.7,high,medium,4,namecheap,,,25/09/2026 12:45
02880762-da78-415b-8bae-a01537c8784a,pawky.mov,available,12.98,15.98,medium,low,5,namecheap,,,08/09/2026 10:57
3bf20428-f14a-487b-8928-f7d248839a01,completing.mov,available,12.98,15.98,high,low,10,namecheap,,,23/09/2026 17:20
9ba8945b-9734-4517-ba6d-605ea2c606ba,linchpin.mov,available,12.98,15.98,high,low,8,namecheap,,,21/09/2026 15:17
277121bd-7228-442e-a856-f7456e5e0b18,evening.mov,premium,167.7,167.7,high,low,7,namecheap,,,24/09/2026 15:27
6730519e-ed7c-4d87-a601-1cf300bdb34b,schedule.mov,premium,167.7,167.7,high,low,8,namecheap,,,17/09/2026 17:04
9ff337f9-aac9-472b-8366-d6957659a659,slept.mov,available,15.98,,medium,low,5,namecheap,,,
6a928a9f-f584-4d20-b4e6-675f2eeca288,toothcare.mov,available,15.98,,medium,low,9,namecheap,,,
39664ee1-f9fa-42ee-9d96-3867d725f16c,recurved.mov,available,12.98,15.98,high,medium,8,namecheap,,,09/09/2026 12:06
6e4cf9bd-4f3a-412f-a313-08dd555bd82b,opening.mov,premium,167.7,167.7,high,low,7,namecheap,,,04/09/2026 16:15
b45bd519-0328-463d-b523-91d2fdebad6f,bartholin.mov,available,12.98,15.98,medium,low,9,namecheap,,,22/09/2026 09:14
f65cd737-7aaa-4fb3-b2d1-c01b71211345,mown.mov,available,12.98,15.98,medium,low,4,namecheap,,,25/08/2026 09:14
8f47e5cd-0439-417d-9d7e-2dd2907a6994,cervine.mov,available,12.98,15.98,medium,low,7,namecheap,,,12/08/2026 01:00
eb8a7de2-e8fb-45b0-875a-1fff123da9fc,gad.mov,premium,76.7,76.7,high,low,3,namecheap,,,19/09/2026 15:59
77ac3657-9404-4a38-9865-d702a03720b3,unfounded.mov,available,12.98,15.98,medium,low,9,namecheap,,,08/08/2026 21:57
4ec34f87-7340-485e-8ccd-7af228f6b9c7,oafish.mov,available,12.98,15.98,medium,low,6,namecheap,,,10/08/2026 19:32
da8b18b8-d926-4b7c-b937-e2d4edf2fe79,benadryl.mov,available,12.98,15.98,high,medium,8,namecheap,,,23/09/2026 07:35
ec751240-f7f6-409f-b131-89e19a2e0200,attempts.mov,available,12.98,15.98,medium,low,8,namecheap,,,18/09/2026 16:41
4ace9d5a-1795-43fc-91e4-3f7ebef29c80,posh.mov,premium,73.75,73.75,high,low,4,name.com,,,12/08/2026 09:53
813a57fa-bcc7-4caa-a1d2-bbfcb3c14f14,apposition.mov,available,12.98,15.98,medium,low,10,namecheap,,,19/09/2026 22:03
e79a8a17-cd96-4494-a86f-514c4366edcd,murder.mov,premium,37.7,37.7,high,low,6,namecheap,,,26/09/2026 00:00
0b5054ad-9218-4d94-804d-9e844e93ab6e,satellite.mov,premium,161.25,161.25,high,low,9,name.com,,,09/09/2026 21:34
2118ed69-a634-4a51-b199-d2c10139ae7c,atom.mov,premium,648.7,648.7,high,medium,4,namecheap,,,20/09/2026 21:53
91a14166-acd7-421b-af28-e539d306ac40,formalize.mov,available,15.98,,high,low,9,namecheap,,,
4bc91622-ec30-4776-a413-51245d8f5d8e,imaginary.mov,premium,36.25,36.25,high,low,9,name.com,,,21/08/2026 20:16
9e9d43b3-7b54-4dec-a0d0-4bfc362b101c,angus.mov,premium,37.7,37.7,high,low,5,namecheap,,,16/09/2026 15:11
f55086cd-4349-44a4-b959-e74f0a18be03,partly.mov,available,12.98,15.98,medium,low,6,namecheap,,,15/09/2026 19:01
c3ba0e75-0b05-4340-8bb0-62d13c86a06a,answerer.mov,available,12.98,15.98,medium,low,8,namecheap,,,19/09/2026 12:14
6a0eb49c-18a2-4c3a-9258-d31dd313dd6e,lease.mov,premium,648.7,648.7,high,low,5,namecheap,,,09/09/2026 14:19
d8da0bf9-9144-4836-815e-1bc79065a3b1,pitch.mov,premium,648.7,648.7,high,low,5,namecheap,,,21/09/2026 02:42
f5834ec5-534d-4709-923f-89812589e717,transmit.mov,premium,36.25,,high,low,8,name.com,,,
5847f84f-4443-4b36-8011-2587f4e9edaa,forever.mov,premium,323.7,323.7,high,medium,7,namecheap,,,27/09/2026 02:31
a54fa084-912e-4fa8-a5dd-276c5733ad4c,saurian.mov,available,12.98,15.98,medium,low,7,namecheap,,,22/08/2026 17:55
43dc2eda-e272-4e3f-bbc1-3902168e889c,acarid.mov,available,12.98,15.98,medium,low,6,namecheap,,,16/09/2026 21:26
745e1a4f-2543-4723-9151-586e2849f36d,pyloric.mov,available,12.98,15.98,high,medium,7,namecheap,,,09/09/2026 06:52
20eca010-e8a9-4b10-9742-b7c9435c645e,induce.mov,available,15.98,,high,low,6,namecheap,,,
b4e45250-1a32-4030-8663-ca3ceaa01f73,auxiliary.mov,available,12.98,15.98,high,low,9,namecheap,,,
e2f12c03-3dd8-439a-8b46-210ed1a1ca11,from.mov,premium,648.7,648.7,high,low,4,namecheap,,,08/09/2026 08:57
2fa2f046-d80f-4fa9-9d6b-cc6bab907f8d,earthworm.mov,available,12.98,15.98,high,low,9,namecheap,,,19/09/2026 06:33
61e7d38d-dc94-4569-8d21-cc006e6a76b6,plosive.mov,available,12.98,15.98,medium,low,7,namecheap,,,04/09/2026 00:16
0c3d80a1-f6c4-488f-9f7d-03179bd1306b,heliac.mov,available,12.98,15.98,medium,low,6,namecheap,,,21/08/2026 06:28
abcb9112-427a-44c7-9f2d-5303ba9882c5,collecting.mov,premium,37.7,37.7,high,low,10,namecheap,,,20/09/2026 16:02
b0d33c3a-84fc-42a6-95a9-10e31077f905,anomy.mov,available,12.98,15.98,medium,low,5,namecheap,,,19/09/2026 11:32
c91e0e83-ee3a-4108-9e7b-f02add6ec057,liberian.mov,available,12.98,15.98,medium,low,8,namecheap,,,23/08/2026 00:47
a4a0db0e-1e09-4fda-8e6b-d9aaf28e9cc8,alnus.mov,available,12.98,15.98,medium,low,5,namecheap,,,18/09/2026 12:53
f5c97745-74bf-4ed3-a52c-4991f797d5e6,antlia.mov,available,12.98,15.98,medium,low,6,namecheap,,,19/09/2026 15:21
9b58894b-6ceb-43a0-ad20-3e25ba1c1a8a,pancreas.mov,available,15.98,,high,low,8,namecheap,,,
e2e34700-57bb-40df-9452-4ef64d904083,recall.mov,premium,323.7,323.7,high,low,6,namecheap,,,24/09/2026 11:46
57607b67-8cda-4d12-ac8d-b86b66b12ce3,hydroxy.mov,available,12.98,15.98,medium,low,7,namecheap,,,21/08/2026 16:25
dbc1ce16-4720-4db0-9d76-0725a3a55dd2,dining.mov,premium,323.7,323.7,high,low,6,namecheap,,,
40dd5b10-55c3-4547-9acd-c7c2ce9740ce,omega.mov,premium,73.75,,high,high,5,name.com,,,
7b07e758-600b-4111-b666-86b806cc11e6,comte.mov,available,12.98,15.98,high,low,5,namecheap,,,21/09/2026 03:56
2fc78202-2f55-468a-bd4d-d9fd3a797853,gordon.mov,premium,323.7,323.7,high,low,6,namecheap,,,25/09/2026 11:43
7d250347-f5de-455f-a9b8-1845b9b4585c,tyrolean.mov,available,12.98,15.98,medium,low,8,namecheap,,,11/09/2026 22:33
c0a45b77-24dc-401d-ac1d-b50f0e209d6f,frustrate.mov,available,12.98,15.98,medium,low,9,namecheap,,,24/09/2026 12:25
d802010e-9ab3-49d6-bbfb-a129f3f97159,testy.mov,available,12.98,15.98,medium,low,5,namecheap,,,22/08/2026 10:29
5cf2a5fb-f2d4-43b7-9a75-9867e11ef1ce,blustery.mov,available,12.98,15.98,medium,low,8,namecheap,,,10/08/2026 16:31
948a5a74-9b44-48cc-b051-2699a7617902,branch.mov,premium,623.75,,high,low,6,name.com,,,
f3988724-5426-4946-8270-1c648153362e,fledged.mov,available,12.98,15.98,medium,low,7,namecheap,,,18/08/2026 07:25
9ca4ed03-5672-4071-9501-08792e2995d0,activator.mov,available,12.98,15.98,high,low,9,namecheap,,,17/09/2026 05:10
caabe908-97ac-4597-80ce-36c0e5705103,aria.mov,premium,167.7,167.7,high,medium,4,namecheap,,,20/09/2026 05:09
363188c6-9b50-46ea-8826-a8aa9965b584,highland.mov,premium,73.75,73.75,high,low,8,name.com,,,21/08/2026 09:16
6809b34e-e670-4e0d-b091-2ae354862448,bernard.mov,premium,167.7,167.7,high,low,7,namecheap,,,23/09/2026 09:46
3d9812a4-dd9f-4fc4-9aaf-5ce0eebc5dd2,clonic.mov,available,12.98,15.98,medium,low,6,namecheap,,,12/08/2026 12:02
b2e55377-3261-4ce6-b15d-9ae71563505c,numerate.mov,available,12.98,15.98,medium,low,8,namecheap,,,03/09/2026 22:56
a6c5c64a-8549-4d52-a075-9789c3c1266b,retrograde.mov,available,12.98,15.98,high,low,10,namecheap,,,09/09/2026 15:46
d6f076e5-2df0-4936-a031-eaf9e7443630,anhinga.mov,available,12.98,15.98,medium,low,7,namecheap,,,19/09/2026 08:18
ec38b78d-2f33-4b43-83ad-37f55a1b614f,apocryphal.mov,available,12.98,15.98,medium,low,10,namecheap,,,06/08/2026 01:11
44eb87a0-c8ff-4b55-ab4c-165439c3fdb7,modulated.mov,available,12.98,15.98,medium,low,9,namecheap,,,25/08/2026 03:19
368f8965-0c96-409c-8e3a-de507904f187,norwich.mov,premium,37.7,37.7,high,low,7,namecheap,,,25/09/2026 14:43
2c2e142b-21e1-449d-a689-bea3f9cee7b8,stages.mov,premium,323.7,323.7,high,low,6,namecheap,,,16/09/2026 12:11
34c8868b-e9f5-400d-8bd7-6b4dc9addc22,mercenary.mov,available,12.98,15.98,high,low,9,namecheap,,,24/08/2026 17:14
f6ebee3f-3e8e-41f8-889e-eba4bd082472,solely.mov,premium,36.25,36.25,high,low,6,name.com,,,
f841cbc7-ff3e-4031-a8e5-267e4843b383,septenary.mov,available,12.98,15.98,medium,low,9,namecheap,,,
893bb930-525b-4e37-8c27-d585d406edc4,unwoven.mov,available,12.98,15.98,medium,low,7,namecheap,,,12/09/2026 22:51
7d85c1b0-4250-46e3-b542-f29a596a52a2,flakey.mov,available,12.98,15.98,medium,low,6,namecheap,,,10/08/2026 10:22
8638f29c-0402-4c79-acb8-6d42b1d3f6a0,willing.mov,premium,37.7,37.7,high,low,7,namecheap,,,12/09/2026 05:42
0fb437a0-0a21-4903-8a28-8e1c782debf4,bunch.mov,premium,73.75,,high,low,5,name.com,,,
d8508a97-cfa5-49bd-bbe6-a688ce4df956,tate.mov,premium,37.7,37.7,high,low,4,namecheap,,,18/09/2026 10:50
a231095b-1102-46e2-a390-8cf5e104544b,weismann.mov,available,12.98,15.98,high,low,8,namecheap,,,21/09/2026 03:48
34a8c1e5-b4f3-473f-84c7-39caa7ab9021,unseeded.mov,available,12.98,15.98,medium,low,8,namecheap,,,12/09/2026 19:10
f488ebc7-94b0-4beb-a7d1-3b47aef57842,graph.mov,premium,311.25,,high,low,5,name.com,,,
543581b7-7d5a-4536-97ce-88f09bea2663,churchly.mov,available,12.98,15.98,medium,low,8,namecheap,,,12/08/2026 07:48
bcb7a9ab-03b0-4b4f-b904-b1c02dea258a,bottoms.mov,available,12.98,15.98,high,low,7,namecheap,,,20/09/2026 18:24
2609e0bb-406c-4765-8577-fcc93f7ea8da,police.mov,premium,623.75,,high,low,6,name.com,,,
1550a49c-3d33-4796-bd36-f0391c7557ad,recurvate.mov,available,12.98,15.98,high,medium,9,namecheap,,,09/09/2026 12:07
9e2c5406-0fb2-48b2-acca-8a93a4fc0b9f,seekers.mov,available,12.98,15.98,medium,low,7,namecheap,,,21/09/2026 07:32
bb1ed051-a575-4bbb-aca9-0a3f93d7245b,already.mov,premium,73.75,,high,low,7,name.com,,,
7cdb7296-f486-4f4f-805e-970d68cac1c8,irrational.mov,available,12.98,15.98,high,low,10,namecheap,,,25/09/2026 11:23
d277e1ab-42f9-47b1-a812-65b160888b1f,indulging.mov,available,12.98,15.98,high,low,9,namecheap,,,05/09/2026 00:26
cb896534-e569-4c9b-95d4-fc248905c7a5,piper.mov,premium,161.25,,high,low,5,name.com,,,
00a1d94f-8e0b-4996-bdac-c6a999cc1ec2,uup.mov,premium,76.7,76.7,medium,low,3,namecheap,,,20/09/2026 22:18
41e65bcc-f917-4c62-b34f-d2f19f51071d,ceremony.mov,premium,76.7,76.7,high,low,8,namecheap,,,08/09/2026 07:31
773f23a1-5627-457c-9a23-b02811503e07,lascivious.mov,available,12.98,15.98,medium,low,10,namecheap,,,22/08/2026 20:04
e423720c-f6ee-4b83-965b-8b170513cd19,stealthily.mov,available,12.98,15.98,medium,low,10,namecheap,,,16/09/2026 06:59
2d5591f0-c9ff-42f9-998b-284ec4421a74,profile.mov,premium,623.75,,high,low,7,name.com,,,
5551c2b9-4b7a-4771-80bc-27a73d6d8434,fortify.mov,available,12.98,15.98,high,low,7,namecheap,,,20/09/2026 06:18
81c630c5-6668-448b-a7fc-0ed09c9b3792,humanistic.mov,available,12.98,15.98,high,low,10,namecheap,,,21/08/2026 14:53
7585c259-2f83-4969-8b4b-318b179d4a7f,silvan.mov,available,12.98,15.98,medium,low,6,namecheap,,,19/09/2026 11:29
83de8507-e2e5-47dc-b81a-b0e5c98fadc6,citrous.mov,available,16.99,18.99,medium,low,7,name.com,,,25/09/2026 05:54
358f6dea-56a9-4443-b935-22bf23da0a18,astrometry.mov,available,12.98,15.98,medium,low,10,namecheap,,,20/09/2026 17:53
07d5e640-2ef6-4bf1-898e-45bed4f61ac4,snyder.mov,available,16.99,18.99,high,low,6,name.com,,,25/09/2026 18:53
b3759f97-c158-45c0-ace4-3611a550ce26,platypus.mov,available,12.98,15.98,high,low,8,namecheap,,,25/09/2026 00:17
89cad323-d771-4ae9-b2dd-09976d01ab69,wysiwyg.mov,available,12.98,15.98,high,low,7,namecheap,,,13/09/2026 13:51
672ddcf4-6f76-479a-b2c9-b623c3cea42a,yellowcake.mov,available,15.98,,medium,low,11,namecheap,,,
1ff18197-d139-4a2b-8ff2-085d558cb133,nimbly.mov,available,12.98,15.98,high,low,6,namecheap,,,13/09/2026 18:18
eb4a4222-3772-4b2f-b55d-05e04b61fd41,margosa.mov,available,12.98,15.98,medium,low,7,namecheap,,,20/09/2026 05:43
81f8af21-d0f6-4e46-b9ad-b961ae466e25,global.mov,premium,648.7,648.7,high,medium,6,namecheap,,,22/09/2026 16:32
b211abf8-1b65-4c37-9f71-736021a05975,pattern.mov,premium,161.25,161.25,high,low,7,name.com,,,25/08/2026 02:49
b65fca05-dce7-4cd8-836a-c3f2de938636,truthfully.mov,available,12.98,15.98,high,low,10,namecheap,,,16/09/2026 09:34
c9c0a4f4-167f-4703-b618-9e7b5086f364,arapaho.mov,available,16.99,18.99,medium,low,7,name.com,,,20/09/2026 00:08
c1a8c731-a461-4964-b33b-21ecbfdaaf73,macedonia.mov,available,,,high,high,9,,,,
bb0390b5-b3ac-40d6-bc82-712abea91ede,camouflage.mov,available,15.98,,high,low,10,namecheap,,,
29e6be8d-3a9f-4a25-b4b6-03edc279f278,tons.mov,premium,36.25,,high,low,4,name.com,,,
96cb6ff8-c298-4154-a87c-65c6d745138f,procedural.mov,available,12.98,15.98,high,low,10,namecheap,,,09/09/2026 02:31
a2f3abb3-864e-431c-991f-7e32101957e2,round.mov,premium,161.25,161.25,high,low,5,name.com,,,09/08/2026 05:09
db1bdcd5-2dea-48a6-8737-4cd19428c228,sanious.mov,available,12.98,15.98,medium,low,7,namecheap,,,21/08/2026 17:49
a2032438-afc0-49cd-9745-8afa55abcbf7,deli.mov,premium,76.7,76.7,high,low,4,namecheap,,,24/09/2026 21:37
48152877-8a36-49ef-8aeb-609397d31c10,sharing.mov,premium,311.25,,high,low,7,name.com,,,
14cbe357-ddf0-489e-be86-810c51f19751,arcminute.mov,available,12.98,15.98,medium,low,9,namecheap,,,20/09/2026 02:40
77746b34-cc25-4fe6-a455-474ef312ab3f,rosacea.mov,available,12.98,15.98,medium,low,7,namecheap,,,17/09/2026 01:59
44afbf6f-e4e6-44b4-94bb-48bd3d4b9901,retracted.mov,available,15.98,,medium,low,9,namecheap,,,
97d1fbe6-9504-406e-8c12-4068ac40a693,chatter.mov,premium,37.7,37.7,high,low,7,namecheap,,,23/09/2026 23:26
875b6bfc-0517-47ff-b448-bc8bcf649273,groves.mov,available,15.98,,high,low,6,namecheap,,,
b047f8be-0f22-4af4-8f2b-00ea31695dbd,curtly.mov,available,12.98,15.98,medium,low,6,namecheap,,,14/09/2026 10:10
62118d25-45ba-472b-a0ee-c966fda90d9d,defection.mov,available,12.98,15.98,medium,low,9,namecheap,,,19/09/2026 19:16
ab141482-b1ba-44a1-b72a-b39ec4adddb4,raise.mov,premium,323.7,323.7,high,low,5,namecheap,,,24/09/2026 14:55
e9a68fc3-3ce7-4011-b48f-2dc3b9201e9f,cheesecake.mov,premium,37.7,37.7,high,low,10,namecheap,,,24/09/2026 14:12
f5c747dd-f6be-4136-ae8c-99d5dea45ec5,unloved.mov,available,12.98,15.98,medium,low,7,namecheap,,,12/09/2026 15:10
ffd8519d-a133-4040-8eab-42d7934a11a7,primordium.mov,available,16.99,18.99,medium,low,10,name.com,,,19/09/2026 09:53
9e8fb19a-3585-4356-9d36-2dabc4172584,robot.mov,available,,,high,medium,5,,,,26/09/2026 00:10
d879e904-54c8-45fa-a9d8-31d209b33662,enraptured.mov,available,12.98,15.98,high,low,10,namecheap,,,14/08/2026 23:46
e2933e83-052f-48e1-8cf9-6d841acb4111,trigonal.mov,available,12.98,15.98,medium,low,8,namecheap,,,09/09/2026 16:45
e39295fb-8ed4-42b9-a4f6-d1ede86da194,aeon.mov,premium,76.7,76.7,high,high,4,namecheap,,,17/09/2026 12:39
e6e44b4f-d485-4cd9-a5fa-ee71aca8dad4,crustal.mov,available,12.98,15.98,medium,low,7,namecheap,,,13/08/2026 09:20
521aae89-55d7-47dc-90d9-2c23439f6e0f,operation.mov,premium,76.7,76.7,high,low,9,namecheap,,,25/09/2026 04:49
384b3f5d-5874-4699-9f7a-47912156438d,stairs.mov,premium,73.75,,high,low,6,name.com,,,
7af6a7c3-0f8e-4fe8-9e7a-8f74db8a755a,victuals.mov,available,12.98,15.98,medium,low,8,namecheap,,,12/08/2026 18:52
686c00c1-eb28-46bb-b252-6e3c8c9cb7f7,redevelopment.mov,available,12.98,15.98,medium,low,13,namecheap,,,20/09/2026 23:43
321318bf-30c9-46e9-9b00-10157da8fc4c,communities.mov,premium,76.7,76.7,high,low,11,namecheap,,,17/09/2026 18:41
fd8ee25a-c258-4d73-8fe0-9aa4f67cba70,nakedly.mov,available,12.98,15.98,medium,low,7,namecheap,,,15/09/2026 16:02
854d2933-18dc-439d-916e-fa3022d079b4,molten.mov,premium,36.25,36.25,high,low,6,name.com,,,25/08/2026 03:57
5924b7dd-4070-4ca5-9567-6163c8fe0a02,sinclair.mov,available,12.98,15.98,high,low,8,namecheap,,,25/09/2026 04:16
d3c63496-013c-4a91-972b-a406dd13a1e0,stockings.mov,premium,76.7,76.7,medium,low,9,namecheap,,,17/09/2026 08:14
75c08699-5d4a-4106-b282-fdf769207f84,underhand.mov,available,12.98,15.98,high,medium,9,namecheap,,,10/09/2026 12:31
4f9263d2-e958-46e0-b0b2-4e9268e35711,cogent.mov,available,12.98,15.98,high,low,6,namecheap,,,12/08/2026 15:33
6524e98a-97ec-477c-8a30-3a4d17722030,pouch.mov,premium,76.7,76.7,high,low,5,namecheap,,,24/09/2026 11:07
4194778e-a45e-4072-98a9-3f5f8ae24ca4,calculators.mov,available,16.99,18.99,high,low,11,name.com,,,18/09/2026 18:59
454de792-68c7-461d-8039-2fcdef7f2e63,agelong.mov,available,12.98,15.98,medium,low,7,namecheap,,,
0d57b65a-fbdb-4118-9c66-83c331e8140e,miocene.mov,available,12.98,15.98,high,low,7,namecheap,,,25/09/2026 23:43
e3ca9f78-67d6-48e9-a112-84491fdd8cab,astheny.mov,available,12.98,15.98,low,low,7,namecheap,,,20/09/2026 17:17
e1434bc1-0660-49fc-8a40-7f898e8097da,cigarettes.mov,premium,37.7,37.7,medium,low,10,namecheap,,,25/09/2026 21:29
3a2e06e7-2e49-4865-84cc-0fbfe43110e3,bending.mov,available,12.98,15.98,high,low,7,namecheap,,,23/09/2026 07:44
2f8552dc-01a2-486c-8679-563cbd4bc206,eaten.mov,available,15.98,,high,low,5,namecheap,,,
1b96f0e1-9b6f-4f89-b059-77e6ea91e761,unowned.mov,available,12.98,15.98,medium,low,7,namecheap,,,04/09/2026 22:16
318b9a31-5e7e-4ae4-8452-86e665536e39,shoveler.mov,available,12.98,15.98,medium,low,8,namecheap,,,19/09/2026 02:54
1a66c71f-7f56-4f3b-b033-686344ff0609,outdoorsy.mov,available,12.98,15.98,high,low,9,namecheap,,,04/09/2026 19:14
f6f070b5-f841-427b-a6fc-bbedfd079c63,acervate.mov,available,12.98,15.98,medium,low,8,namecheap,,,
dfb86093-a0f1-4220-bf4c-849408076b3a,horrid.mov,available,12.98,15.98,medium,low,6,namecheap,,,21/08/2026 08:14
5eba5967-0585-4295-942f-b8e9da569324,transposed.mov,available,12.98,15.98,medium,low,10,namecheap,,,11/09/2026 18:59
b0ca1a15-cf31-43e7-bf0e-dc719f7a93cd,vendue.mov,available,12.98,15.98,medium,low,6,namecheap,,,21/09/2026 02:46
cf849077-0b7c-4e88-a0a4-ae5f39c1a794,bellhop.mov,available,12.98,15.98,high,low,7,namecheap,,,23/09/2026 06:01
5a97a8d7-8b61-4173-8410-37a3135182d3,arbalest.mov,available,12.98,15.98,medium,low,8,namecheap,,,20/09/2026 00:33
d2ef9006-0c30-4c0d-814b-7e360630acde,delirium.mov,available,12.98,15.98,high,low,8,namecheap,,,24/09/2026 21:40
42ade6e8-6f57-4cef-9561-8bbae1eb6f81,lightness.mov,available,12.98,15.98,high,low,9,namecheap,,,17/09/2026 17:53
4d8e321d-6257-47db-8476-d47a1eb66df5,click.mov,premium,648.7,648.7,high,medium,5,namecheap,,,24/09/2026 13:54
6c4965ff-6e25-4e20-a138-b9a941686390,antibiotic.mov,available,12.98,15.98,high,low,10,namecheap,,,22/09/2026 06:14
1a29b526-550f-42c2-be77-423796c2f482,frizzly.mov,available,12.98,15.98,medium,low,7,namecheap,,,18/08/2026 16:06
e224defe-2a17-4f3b-9bb9-e03d5af9ca40,sterilized.mov,available,12.98,15.98,medium,low,10,namecheap,,,10/09/2026 20:11
6519bd6f-3b49-46f7-bb47-746e14e61a09,angelology.mov,available,12.98,15.98,medium,low,10,namecheap,,,19/09/2026 06:02
9a82c191-b208-4394-8c73-dcb3b0f1931e,metabolous.mov,available,12.98,15.98,medium,low,10,namecheap,,,24/08/2026 21:28
1e03ecca-f83a-4e5d-8ae4-11967544ac6c,bogus.mov,available,12.98,15.98,medium,low,5,namecheap,,,08/08/2026 22:58
b11b42ac-89ef-4379-babf-16d41415f27d,truncate.mov,available,12.98,15.98,high,low,8,namecheap,,,11/09/2026 20:40
beaaf2f3-080e-4670-a4d7-24a3e46cd2c8,costless.mov,available,12.98,15.98,high,low,8,namecheap,,,13/08/2026 03:12
efaa8030-89d8-4947-947a-753a8b78ef18,ironed.mov,available,12.98,15.98,high,low,6,namecheap,,,22/08/2026 10:04
86465a26-36fa-41e8-9d50-c56ab4c0487a,items.mov,premium,167.7,167.7,medium,low,5,namecheap,,,23/09/2026 02:55
199f139d-927c-432a-b4d5-5a1e389bfebe,forested.mov,available,12.98,15.98,high,low,8,namecheap,,,18/08/2026 11:43
156aff54-7d28-4ef9-bbbc-e599a48f447d,whichever.mov,available,15.98,,medium,low,9,namecheap,,,
26a5d291-a433-47cc-b330-0d3a86dc36d7,philistine.mov,available,12.98,15.98,medium,low,10,namecheap,,,
1a903041-a202-4af2-a68c-1963bbf0c106,phial.mov,available,12.98,15.98,medium,low,5,namecheap,,,18/09/2026 23:47
07a379e8-cd46-4600-b018-7ec1b46c3790,hilar.mov,available,12.98,15.98,medium,low,5,namecheap,,,21/08/2026 09:19
45a03db9-5e30-4724-83a0-3df00ef284ad,cognisant.mov,available,12.98,15.98,medium,low,9,namecheap,,,08/08/2026 00:18
b9f85b0b-a39f-4b30-9554-335bd0fded61,caldwell.mov,available,12.98,15.98,high,low,8,namecheap,,,25/09/2026 03:55
862d549b-f7b1-4fd6-a5d6-63d9d6d7cbc1,bialy.mov,available,12.98,15.98,medium,low,5,namecheap,,,23/09/2026 12:41
2ed4aca6-8b2e-4139-8451-135ebeb922c8,mixable.mov,available,12.98,15.98,medium,low,7,namecheap,,,25/08/2026 01:25
4c977729-703a-4623-b3b8-d134b5bd1650,until.mov,premium,161.25,,medium,low,5,name.com,,,
34bb39ed-1dc2-45cc-a8cf-67e96ed6b4be,iffy.mov,available,12.98,15.98,medium,low,4,namecheap,,,18/08/2026 09:22
65234409-ca54-4289-9c9f-d1e0255c5d14,evenhanded.mov,available,12.98,15.98,high,low,10,namecheap,,,17/08/2026 14:52
e73897f5-9b37-4720-848c-d94f96c79f2e,hannibal.mov,available,12.98,15.98,high,low,8,namecheap,,,27/09/2026 04:24
72b87072-0a60-488a-b871-5bd33e016763,gaudy.mov,available,12.98,15.98,medium,low,5,namecheap,,,18/08/2026 06:37
33a4db64-67ca-4fc9-bf42-6a73119833d9,treasury.mov,premium,76.7,76.7,high,low,8,namecheap,,,24/09/2026 21:57
01a6bfe8-4e0e-4cc1-9041-2e135f0de34d,leaning.mov,available,12.98,15.98,high,low,7,namecheap,,,07/08/2026 13:24
bd402964-ae81-42de-b15e-c031edd7f295,functions.mov,premium,76.7,76.7,medium,low,9,namecheap,,,17/09/2026 05:18
fb4abb74-8e2b-430b-9295-b992bd150d5e,desktops.mov,available,12.98,15.98,medium,low,8,namecheap,,,20/09/2026 12:27
f23f66c0-ba6c-491d-9ffb-4ce4f68170cd,bros.mov,premium,167.7,167.7,high,low,4,namecheap,,,18/09/2026 13:28
83bb17bd-a3aa-47f0-a621-44bbf6a4b2ce,ottawa.mov,premium,167.7,167.7,high,low,6,namecheap,,,24/09/2026 11:58
7e6e82a6-f81a-430e-a66e-68305ece33ea,fortuitous.mov,available,12.98,15.98,high,low,10,namecheap,,,18/08/2026 12:43
f7ca892b-793b-4d2c-8d87-15255aabe0cd,dressed.mov,premium,37.7,37.7,high,low,7,namecheap,,,22/09/2026 07:16
961bbddd-e851-4476-8eff-cd10820c24f9,parka.mov,premium,37.7,37.7,high,low,5,namecheap,,,19/09/2026 11:41
4a116f65-6154-44e4-b0e0-ff09c1d53e1c,recipe.mov,premium,1248.75,,high,low,6,name.com,,,
35f4f2cd-8d3a-4988-9c2a-003eb9376be3,aloe.mov,premium,76.7,76.7,high,low,4,namecheap,,,18/09/2026 12:59
0ab7c99b-9669-4543-a0a4-8d755a131585,parishes.mov,available,12.98,15.98,medium,low,8,namecheap,,,18/09/2026 08:08
92285f1d-9ea8-4b6e-a226-9f74664fec67,gracile.mov,available,12.98,15.98,high,low,7,namecheap,,,20/08/2026 17:29
fdbbe55b-cd47-45e1-b8b1-7d511e51837f,income.mov,premium,623.75,,high,low,6,name.com,,,
f4ff2a5e-4dcc-48d4-b579-3d70fede1db7,cups.mov,premium,37.7,37.7,medium,low,4,namecheap,,,18/09/2026 07:17
ed997de2-3786-4f25-bfdd-714d2b3de71d,fibrous.mov,available,12.98,15.98,medium,low,7,namecheap,,,18/08/2026 03:22
955a4f07-1e67-411d-9e80-c6be92246a99,arauca.mov,available,16.99,18.99,high,low,6,name.com,,,20/09/2026 00:22
fc93d50a-86f1-43b2-8847-129b97acc7f4,chopper.mov,premium,76.7,76.7,high,low,7,namecheap,,,08/09/2026 11:24
5c18b82a-dfe6-4c34-bce8-5de1320f1a29,umbilicus.mov,available,12.98,15.98,high,low,9,namecheap,,,23/09/2026 06:37
f9974f6a-8a4d-4e0d-8174-8d27d0e70e0d,uneven.mov,available,12.98,15.98,high,low,6,namecheap,,,04/09/2026 00:48
015801f0-d1bb-4076-a32a-2f6c9f40ba2e,depot.mov,premium,323.7,323.7,high,low,5,namecheap,,,11/09/2026 11:49
6f545753-9ef2-4cb0-8544-9e7a59a1e6cb,shrieking.mov,available,12.98,15.98,high,low,9,namecheap,,,09/09/2026 23:55
6a807489-eb53-4a2f-b98b-d7446bc70b6a,soleless.mov,available,12.98,15.98,low,low,8,namecheap,,,10/09/2026 13:37
c8df57e5-bbf5-40af-9ab3-83eeffdbf3cf,pithily.mov,available,12.98,15.98,medium,low,7,namecheap,,,15/09/2026 20:06
f9a442d8-7ebf-478c-b953-210ffbf8c02a,silence.mov,premium,167.7,167.7,high,low,7,namecheap,,,26/09/2026 00:17
06915232-c770-4c06-b004-c4a7c5c7538c,fluent.mov,premium,73.75,73.75,high,low,6,name.com,,,16/08/2026 06:17
d3b72159-8e7f-4008-bfa8-d95546b900b8,klein.mov,premium,76.7,76.7,high,low,5,namecheap,,,25/09/2026 03:56
01ea7650-4cfa-4671-b7ed-e19f2e29451f,etiolate.mov,available,12.98,15.98,medium,low,8,namecheap,,,17/08/2026 13:53
a2cb3a3f-dc0a-439e-8470-e71752287024,criticize.mov,available,15.98,,high,low,9,namecheap,,,
0b89a178-77b0-42ad-8f67-9184d6f4f177,caudal.mov,available,12.98,15.98,high,low,6,namecheap,,,11/08/2026 22:22
9811704f-01f1-4f28-b5e2-a15621928cc1,swastika.mov,available,15.98,,medium,low,8,namecheap,,,
7147038a-01b7-435d-a259-aa03692f2bad,steer.mov,premium,36.25,,high,low,5,name.com,,,
151f5211-f251-481c-81aa-4ba642274234,quelled.mov,available,12.98,15.98,medium,low,7,namecheap,,,09/09/2026 08:24
e97386a3-de69-4954-94a4-103365729358,blenheim.mov,available,12.98,15.98,medium,low,8,namecheap,,,24/09/2026 05:52
abb9abfa-3ce0-4e93-b536-ef182f31198c,cerium.mov,available,12.98,15.98,high,low,6,namecheap,,,14/09/2026 06:07
0e0022f2-e5c9-44e6-835d-b1d5630c9160,swarthy.mov,available,12.98,15.98,medium,low,7,namecheap,,,11/09/2026 05:25
39430cd7-8331-486f-8e5e-3d4073ab27ed,lunchtime.mov,available,15.98,,high,low,10,namecheap,,,
e851027a-b8ef-4ee7-9431-aa345d566031,alumnus.mov,available,12.98,15.98,high,low,7,namecheap,,,20/08/2026 17:42
d29225b4-0918-4595-a759-a0243dccd5d0,untroubled.mov,available,12.98,15.98,high,low,10,namecheap,,,10/09/2026 01:30
144ac7eb-9c8b-4812-9546-8379732e7e2e,pie.mov,premium,648.7,648.7,high,low,3,namecheap,,,25/09/2026 09:59
79f2cb9e-ec0f-4464-9db8-d709a7d5a777,weapons.mov,premium,167.7,167.7,medium,low,7,namecheap,,,25/09/2026 17:10
514ffbf0-7d63-44f1-9367-2f509f13adcb,lab.mov,premium,648.7,648.7,high,medium,3,namecheap,,,25/09/2026 05:34
dc151827-d2fc-4a79-bbef-48b7b7400165,oversee.mov,available,15.98,,high,low,7,namecheap,,,
6a02743b-4578-4278-b3ad-707cca96848f,wassermann.mov,available,12.98,15.98,high,low,10,namecheap,,,21/09/2026 03:49
846d09bc-eaed-40d6-8df0-0081e273fc51,brabble.mov,available,12.98,15.98,medium,low,7,namecheap,,,23/09/2026 13:20
40bb249f-7102-43cc-8b1c-fc28c2d123d6,ailment.mov,available,12.98,15.98,medium,low,7,namecheap,,,21/08/2026 18:47
03da349b-705e-46e7-8a84-31ae9d65d272,bedevil.mov,available,12.98,15.98,medium,low,7,namecheap,,,14/08/2026 21:15
3a429c31-83a3-4b77-80ca-69a048d00ed5,stoned.mov,premium,37.7,37.7,medium,low,6,namecheap,,,10/09/2026 21:10
678413c1-5a1d-4ebf-9b07-d41197e19746,signalise.mov,available,12.98,15.98,high,medium,9,namecheap,,,10/09/2026 08:02
ddd37172-d7a0-481d-9ce0-914510233346,dirigible.mov,available,12.98,15.98,medium,low,9,namecheap,,,14/08/2026 09:02
441a7ba4-d2da-4c3b-b495-6ca2a82ebe2d,shaking.mov,available,15.98,,high,low,7,namecheap,,,
0d4ac635-562d-47b7-a377-cea2c9a3fe33,offroader.mov,available,12.98,15.98,medium,low,10,namecheap,,,18/09/2026 09:00
bed62c1c-afc5-4357-b998-f88a260f2ee3,selfmade.mov,premium,37.7,37.7,high,low,9,namecheap,,,10/09/2026 02:03
f0308b25-390e-44ff-a171-dc6d1b0b8985,container.mov,premium,161.25,,high,medium,9,name.com,,,
03a75f44-430c-4fbe-8fbd-aa829d7aa6ac,arachis.mov,available,12.98,15.98,medium,low,7,namecheap,,,19/09/2026 23:37
a5872755-d03b-4908-8785-8949604961b9,haunting.mov,available,12.98,15.98,medium,low,8,namecheap,,,21/08/2026 01:34
a0da09cf-5cc7-4c03-8b30-494cb4c6f4a5,hiv.mov,premium,167.7,167.7,high,low,3,namecheap,,,25/09/2026 07:23
7a23b118-b2dc-40f4-a2ab-3a744f2bd9b8,unflavored.mov,available,12.98,15.98,medium,low,10,namecheap,,,03/09/2026 19:15
3ab82736-5794-4759-97c6-746fd6b44729,wizened.mov,available,12.98,15.98,high,medium,7,namecheap,,,10/09/2026 07:00
859ac47c-51c1-498d-a4b6-eaebfa089aa9,bairn.mov,available,12.98,15.98,medium,low,5,namecheap,,,21/09/2026 19:31
febdb67f-439a-498b-8bdc-ca3218ab8ab3,scoop.mov,premium,76.7,76.7,high,low,5,namecheap,,,19/09/2026 16:31
7df71291-f69b-4b79-b179-12d310deaef5,required.mov,premium,76.7,76.7,high,low,8,namecheap,,,23/09/2026 18:27
0d938a9c-4663-4846-86cb-b050d7563a2a,matter.mov,premium,311.25,,high,low,6,name.com,,,
5e83812d-3fab-4b53-8553-48b4ae495ab3,defaults.mov,available,12.98,15.98,low,low,8,namecheap,,,21/09/2026 07:23
2264eb4c-31d1-420a-aaae-bf4d6c9c692a,midmost.mov,available,12.98,15.98,medium,low,7,namecheap,,,24/08/2026 22:29
a1bfa46f-4b0b-4fb3-82cf-3b1cc9053205,biographic.mov,available,12.98,15.98,high,low,10,namecheap,,,10/08/2026 01:58
ff4c200c-310e-43f6-8b0b-e7bba4ec35e0,rummy.mov,available,12.98,15.98,high,low,5,namecheap,,,13/08/2026 11:16
a0d292c3-fb82-4c25-89b2-3d67d340565a,serenity.mov,resell,,,high,low,8,Porkbun LLC,02/04/2025 20:53,02/04/2027 20:53,26/09/2026 08:55
cd53962c-315c-4d2e-b4d2-e1b4de10a1b5,sixer.mov,available,12.98,15.98,medium,low,5,namecheap,,,
34268b6a-4f75-4ca7-a9df-5d246290233e,stellar.mov,premium,167.7,167.7,high,medium,7,namecheap,,,22/09/2026 10:32
83917bab-2c84-48a7-8c16-72d2a8b95381,moonlight.mov,premium,73.75,,high,low,9,name.com,,,
a85eae66-9104-4724-8421-18f75c282869,vip.mov,premium,648.7,648.7,high,medium,3,namecheap,,,24/09/2026 22:17
b223a403-93e3-48c3-bb2a-0c0f9ae0110b,argyle.mov,premium,37.7,37.7,high,low,6,namecheap,,,20/09/2026 04:57
4f37026f-af83-423f-8bbb-0baa6e8c1511,outre.mov,available,12.98,15.98,medium,low,5,namecheap,,,10/08/2026 10:39
8eb31ab8-861b-43ea-92a5-06bd2e66803c,seat.mov,premium,73.75,73.75,medium,low,4,name.com,,,09/08/2026 11:32
defdf41b-74b7-43f7-96c0-1aba5c2495de,shrunken.mov,available,12.98,15.98,high,medium,8,namecheap,,,10/09/2026 06:58
34c6f8f4-c2a5-486c-b1cb-7168a63f3dac,seyhan.mov,available,12.98,15.98,medium,low,6,namecheap,,,17/09/2026 06:19
0a8ac509-bcf5-48e7-8b52-46423d677018,urge.mov,premium,36.25,,high,low,4,name.com,,,
f555d495-1149-4b2c-8771-5b4d23c202fc,everyday.mov,premium,167.7,167.7,high,low,8,namecheap,,,24/09/2026 15:36
13b2a427-a822-4c10-a0bb-5e8ceef9c5dc,allie.mov,available,12.98,15.98,high,low,5,namecheap,,,17/09/2026 22:42
87e62e7e-96d0-4718-832a-08426fd7bbfa,romanist.mov,available,12.98,15.98,medium,low,8,namecheap,,,05/09/2026 01:28
2b2678e2-2889-497b-b56a-86bcdf77c09d,alive.mov,premium,648.7,648.7,high,low,5,namecheap,,,22/09/2026 05:04
0e2e332d-c146-4f65-8d35-55484836c20d,arbovirus.mov,available,12.98,15.98,medium,low,9,namecheap,,,20/09/2026 00:52
a6599518-c0c9-4601-a9b0-0d10360078ee,lathery.mov,available,12.98,15.98,medium,low,7,namecheap,,,22/08/2026 20:36
c99724a0-f710-42ff-a3a9-09e10ae60a92,apus.mov,available,12.98,15.98,medium,low,4,namecheap,,,19/09/2026 22:43
e3a9f797-5ee0-4f44-86b1-77ea84b6f25d,picaresque.mov,available,12.98,15.98,high,medium,10,namecheap,,,08/09/2026 19:30
db06d2b6-c567-4ea9-8cc5-a21e6198f33e,academia.mov,premium,167.7,167.7,high,low,8,namecheap,,,23/09/2026 20:23
468ba21d-4f6f-44e7-8708-3c1ce8ce72f4,watery.mov,available,12.98,15.98,high,medium,6,namecheap,,,09/09/2026 12:33
85332fc7-75bb-4e15-aa62-6b7abab2b61a,barometer.mov,available,12.98,15.98,high,low,9,namecheap,,,22/09/2026 07:00
271b2c6b-1320-4b17-8093-4dd8e5b8cf36,urethral.mov,available,12.98,15.98,medium,low,8,namecheap,,,12/09/2026 23:35
ea836fc9-d202-45ab-99e7-2069f0719d0d,enemies.mov,available,12.98,15.98,medium,low,7,namecheap,,,25/09/2026 17:51
36180360-7e4f-45bb-8664-216323534735,acrophobia.mov,available,12.98,15.98,medium,low,10,namecheap,,,17/09/2026 03:53
7039dd70-f321-45d0-86dc-75c154ec97ed,propranolol.mov,available,12.98,15.98,high,low,11,namecheap,,,20/09/2026 00:29
061a233d-8e1a-4fe2-86ea-68d17bedebdb,rambling.mov,available,12.98,15.98,high,low,8,namecheap,,,17/08/2026 16:41
0c5a75f4-0052-44d6-b0f3-588a0b664565,fraught.mov,available,12.98,15.98,medium,low,7,namecheap,,,18/08/2026 14:23
848f6123-8e23-43e2-a45d-1aaf18a6a807,reflex.mov,premium,167.7,167.7,high,low,6,namecheap,,,27/09/2026 11:10
4c017da7-307d-414f-86c2-de30e39bd193,rainproof.mov,available,12.98,15.98,high,medium,9,namecheap,,,09/09/2026 09:47
a349a09f-2b0d-401c-baac-784bb7c51e5d,wrote.mov,premium,36.25,,medium,low,5,name.com,,,
24464bf5-20e6-4975-aaf3-e279dfb542e5,tank.mov,premium,323.7,323.7,high,low,4,namecheap,,,20/09/2026 07:27
1d1e9e5f-0281-4fb6-a3a9-3f9b3f8cd034,unpolished.mov,available,12.98,15.98,medium,low,10,namecheap,,,18/08/2026 20:45
62e77191-e09c-48f1-b080-f4cc2720dde3,hui.mov,premium,76.7,76.7,high,low,3,namecheap,,,27/09/2026 07:46
19dcb499-3b00-4138-bf8d-b94727dbac29,texted.mov,available,12.98,15.98,medium,low,6,namecheap,,,20/09/2026 17:16
f1044d64-4387-489d-8a79-6a23702cc301,profundity.mov,available,12.98,15.98,medium,low,10,namecheap,,,16/09/2026 18:38
d18d80bd-4aa9-43ba-85f3-40d92e72d29b,acetin.mov,available,12.98,15.98,medium,low,6,namecheap,,,17/09/2026 00:06
79ffd428-62f3-4fea-ae01-0af1d80b27bb,hassan.mov,premium,37.7,37.7,high,low,6,namecheap,,,27/09/2026 07:26
556eb2f4-77f2-4731-87fa-e2be08d0fcc2,tax.mov,premium,1248.75,,high,medium,3,name.com,,,
4006fd22-03fc-4dd7-9177-effd4387e73c,buffoon.mov,available,12.98,15.98,medium,low,7,namecheap,,,24/09/2026 10:55
ae839ed1-9af9-47c5-9456-5fa584c2768a,locomotive.mov,available,12.98,15.98,high,low,10,namecheap,,,24/08/2026 08:48
6bd34b3e-1e58-4eaf-b4a2-df31acc8c97d,inspiring.mov,premium,76.7,76.7,high,low,9,namecheap,,,25/09/2026 09:50
dc3b7410-cc85-4587-8d07-a23ac0ca80d7,wings.mov,premium,648.7,648.7,high,low,5,namecheap,,,25/09/2026 11:03
325b589f-ff21-4cdc-90ac-7f7309914767,bathrobe.mov,available,12.98,15.98,high,low,8,namecheap,,,22/09/2026 13:50
df844511-fa20-4259-b17a-62abd70e2edc,unlettered.mov,available,12.98,15.98,medium,low,10,namecheap,,,21/08/2026 18:33
4dcd8045-a883-4e6a-8b8f-19b74f0023b1,speakable.mov,available,12.98,15.98,high,medium,9,namecheap,,,10/09/2026 15:22
c6155a57-ea79-42be-9315-99a86d036592,thumping.mov,available,12.98,15.98,high,low,8,namecheap,,,08/08/2026 13:08
be21f8d6-e33f-40e1-9472-368ef4b84bc2,paintings.mov,premium,37.7,37.7,high,low,9,namecheap,,,27/09/2026 03:04
fad17478-0cce-420b-a0d2-e628cc117a17,atrophy.mov,available,12.98,15.98,high,low,7,namecheap,,,13/09/2026 12:50
b3f63e5e-cc3d-4035-b170-814dff182675,enlivened.mov,available,12.98,15.98,high,low,9,namecheap,,,17/08/2026 09:37
97360935-5f9a-4acd-83da-c636eaddc9aa,assamese.mov,available,12.98,15.98,medium,low,8,namecheap,,,07/08/2026 05:38
f477173f-4845-463c-a027-260a39185e2f,embryonic.mov,available,12.98,15.98,medium,low,9,namecheap,,,16/08/2026 13:28
be8e7105-ed22-4847-aa30-4b34b6469269,harriman.mov,available,12.98,15.98,medium,low,8,namecheap,,,21/09/2026 09:11
8d783785-c383-4bb9-8531-fe532de56bad,arawn.mov,available,12.98,15.98,medium,low,5,namecheap,,,20/09/2026 00:29
7fb97081-0f9c-416d-a473-db7db7784147,term.mov,premium,311.25,,high,low,4,name.com,,,
2acf2da8-35c2-4536-9cac-c870666d147d,swelling.mov,available,12.98,15.98,high,low,8,namecheap,,,24/09/2026 11:05
f24cd2a4-86bd-4137-b18f-1644380bcc1f,cobalt.mov,premium,76.7,76.7,high,low,6,namecheap,,,20/09/2026 22:41
c0666b7b-4473-480a-84b0-7e7d3ca3b114,adorably.mov,available,12.98,15.98,high,low,8,namecheap,,,13/09/2026 17:21
0ea27456-de96-41ec-8ccf-8f169d0d661e,bismark.mov,available,12.98,15.98,medium,low,7,namecheap,,,23/09/2026 09:37
73197776-c5ed-4132-a2cb-ac2fd2fd9395,spat.mov,available,12.98,15.98,high,low,4,namecheap,,,23/09/2026 13:13
c08fdc5b-9a00-47a7-bb77-8391b74a6e9d,toured.mov,available,12.98,15.98,medium,low,6,namecheap,,,20/09/2026 05:39
2bdcdb56-4f83-4659-b3fd-92886503bf54,daringly.mov,available,12.98,15.98,medium,low,8,namecheap,,,14/09/2026 10:37
e97d650a-b562-47f6-a9e9-bd94d90b2eaa,envision.mov,premium,36.25,36.25,high,low,8,name.com,,,17/08/2026 21:59
242f6e24-ebd9-467a-82e8-bc844426ea53,grouping.mov,available,15.98,,high,low,8,namecheap,,,
97426885-98a7-4bdc-a55e-3c6c1eecc681,estate.mov,premium,648.7,648.7,high,low,6,namecheap,,,17/09/2026 02:55
711bce7e-6265-43ad-8b26-c26b4139165d,globular.mov,available,12.98,15.98,high,low,8,namecheap,,,08/08/2026 10:06
06c4b7e2-ba66-46fb-8bd0-1687f6a6c9aa,newest.mov,premium,323.7,323.7,high,low,6,namecheap,,,18/09/2026 15:57
b9cb8d85-6043-4126-b844-ad94498b27f6,unique.mov,premium,623.75,,high,medium,6,name.com,,,
b7040170-a311-42b1-95b0-016076f9d796,amir.mov,premium,76.7,76.7,high,low,4,namecheap,,,18/09/2026 17:58
8ce24870-e1c5-4689-b0b2-d5bc8e535b15,organizer.mov,premium,167.7,167.7,high,low,9,namecheap,,,20/09/2026 08:45
72260870-ce6b-4af4-96e2-2c084e4d55d4,discontent.mov,available,12.98,15.98,high,low,10,namecheap,,,14/08/2026 09:59
07498e39-d56f-4b8e-935c-540eca59fe33,tuxedo.mov,premium,76.7,76.7,high,low,6,namecheap,,,24/09/2026 01:52
90d2f34c-58f2-4d0b-b21a-021292d2beaf,nonlinear.mov,available,12.98,15.98,high,low,9,namecheap,,,03/09/2026 19:44
d258774f-fd75-411d-bff6-134d40efea4c,algebraist.mov,available,12.98,15.98,medium,low,10,namecheap,,,18/09/2026 06:55
fedbe4c2-1707-4663-8d50-221bcb8ab233,vomiting.mov,available,15.98,,high,low,8,namecheap,,,
e4c4fdc1-e44c-4d4c-9423-f03cf120a28d,vargas.mov,premium,76.7,76.7,high,low,6,namecheap,,,27/09/2026 04:13
511c66cd-17ee-4367-85d1-9e8ff6bf0647,disloyal.mov,available,12.98,15.98,medium,low,8,namecheap,,,14/08/2026 11:36
a8c40595-207f-40f3-810b-6c638ff9f06f,banquette.mov,available,12.98,15.98,medium,low,9,namecheap,,,22/09/2026 03:08
1bfb7b8c-b9ca-43f0-b4b9-6b2b1036c222,leftist.mov,available,12.98,15.98,high,low,7,namecheap,,,12/08/2026 17:05
938bceae-e966-446f-8034-184a01000d2a,tumbling.mov,available,12.98,15.98,high,low,8,namecheap,,,17/09/2026 03:22
e2d8847e-2bc7-4c78-aea2-ed173ee42f4c,backblast.mov,available,12.98,15.98,medium,low,9,namecheap,,,21/09/2026 14:26
3e9c9500-0bd5-46d0-82f5-ac398ee1c90f,joachim.mov,available,12.98,15.98,high,low,7,namecheap,,,27/09/2026 04:35
6615e164-7c0e-4a96-9269-086101774ce4,aliment.mov,available,12.98,15.98,medium,low,7,namecheap,,,18/09/2026 07:56
0302c8f7-98aa-402d-bfd0-91bed5c7c2f6,smoggy.mov,available,12.98,15.98,medium,low,6,namecheap,,,10/09/2026 11:52
467ecac5-ca2e-4dba-b84b-5a43cf1900f2,prolife.mov,premium,76.7,76.7,high,low,8,namecheap,,,27/09/2026 06:51
27a14c06-bb52-4ac1-b69a-a39a62f6a6db,sesame.mov,premium,167.7,167.7,high,low,6,namecheap,,,23/09/2026 08:27
4637b7a5-5a3c-45d7-88c3-cbcb88a5d37c,beleaguer.mov,available,12.98,15.98,medium,low,9,namecheap,,,21/09/2026 17:03
caf7c669-1cb5-4f16-8af0-c47b9938357f,sulphuric.mov,available,12.98,15.98,medium,low,9,namecheap,,,11/09/2026 01:27
150be849-63dc-400b-9a53-33b611d4e637,culpable.mov,available,12.98,15.98,medium,low,8,namecheap,,,10/08/2026 12:34
d43551b5-6d3a-4b7e-9da1-91ddf40b432c,jasmine.mov,premium,167.7,167.7,high,low,7,namecheap,,,08/09/2026 14:04
214c56e3-a898-4023-8c90-b61744c7e517,sneering.mov,available,12.98,15.98,high,medium,8,namecheap,,,10/09/2026 12:32
63ba5b5b-c771-4d6f-a7c1-218ef9d5d7e1,cosmic.mov,premium,161.25,161.25,high,medium,6,name.com,,,13/08/2026 02:54
061f4d51-2039-4f47-93ff-03e3aa302a50,corned.mov,available,12.98,15.98,medium,low,6,namecheap,,,13/08/2026 01:33
b32c1652-54db-4169-aecb-584260f0e5d6,spacious.mov,available,15.98,,high,low,8,namecheap,,,
89b61a87-8cd9-4960-8f4a-2192a74f6cfe,buttercups.mov,available,16.99,18.99,medium,low,10,name.com,,,20/09/2026 19:49
9ca577c3-c640-4838-9af4-f42241cfa7a5,balsa.mov,available,12.98,15.98,high,low,5,namecheap,,,21/09/2026 23:56
a05ebec3-60e3-4969-91fb-6ae5f1e59079,hydrated.mov,available,12.98,15.98,high,low,8,namecheap,,,21/08/2026 16:16
ad47ceac-f08f-4f50-9e1d-a0ebd29249b7,faith.mov,premium,311.25,,high,low,5,name.com,,,
4b510c86-6788-417e-b7ba-f1d2631620ac,amphibious.mov,available,12.98,15.98,medium,low,10,namecheap,,,
ae61e64b-b3b8-49ac-8615-0df11fdde102,minuscule.mov,available,12.98,15.98,high,low,9,namecheap,,,25/09/2026 15:24
3e38a87e-5c0b-4c0e-936c-4e0b6651eec6,delinquent.mov,available,12.98,15.98,medium,low,10,namecheap,,,14/08/2026 00:42
6e2c1aab-460f-435b-a30b-7f9f496a5956,ovoid.mov,available,12.98,15.98,medium,low,5,namecheap,,,15/08/2026 18:50
dff7bdca-3172-426b-8daf-dffee4aa3a5e,degrees.mov,premium,76.7,76.7,medium,low,7,namecheap,,,25/09/2026 17:04
20c2a834-e398-40f9-92a6-ac3ed047ab23,hastily.mov,available,12.98,15.98,medium,low,7,namecheap,,,14/09/2026 23:06
269d3419-b374-4310-90e5-c454cf377ab4,ugly.mov,premium,167.7,167.7,high,low,4,namecheap,,,24/09/2026 06:45
ea6b6065-e451-4171-9c76-64938ec22b0c,heating.mov,premium,167.7,167.7,high,low,7,namecheap,,,13/09/2026 08:24
6e4e9cfc-6a42-4635-9849-cd4155db2743,ageing.mov,available,12.98,15.98,high,low,6,namecheap,,,21/09/2026 22:43
ee3a679b-e2db-4b00-b292-4dd7539ad8e6,kitchen.mov,premium,311.25,,high,low,7,name.com,,,
7d946889-a9da-43d9-8823-a2a0f9919371,defending.mov,available,12.98,15.98,high,low,9,namecheap,,,13/08/2026 23:13
5ca26f64-5390-4dca-b112-98c363ef8bcc,arthropoda.mov,available,12.98,15.98,high,low,10,namecheap,,,20/09/2026 10:41
9f6996c0-55a7-4227-a1ee-0bf3d72e4f3d,produce.mov,premium,161.25,,high,low,7,name.com,,,
5113aba9-f429-43ec-a178-ea3173c93994,craft.mov,premium,648.7,648.7,high,medium,5,namecheap,,,24/09/2026 03:48
c612a49a-6581-4d0d-bd58-a3581cfe48c5,pbs.mov,premium,76.7,76.7,high,low,3,namecheap,,,25/09/2026 09:49